Date,basin,SWSI
1981-06-01,Gunnison,-1.4
1981-06-01,Colorado,-1
1981-06-01,South_Platte,2
1981-06-01,Yampa_White_N_Platte,-2
1981-06-01,Arkansas,0
1981-06-01,Rio_Grande,-1.5
1981-06-01,San_Juan,-1.3
1981-07-01,Gunnison,-2.7
1981-07-01,Colorado,-2.6
1981-07-01,South_Platte,1.4
1981-07-01,Yampa_White_N_Platte,-2.1
1981-07-01,Arkansas,0.1
1981-07-01,Rio_Grande,-1.3
1981-07-01,San_Juan,-0.9
1981-08-01,Gunnison,-2.5
1981-08-01,Colorado,-2.8
1981-08-01,South_Platte,-2.1
1981-08-01,Yampa_White_N_Platte,-1.9
1981-08-01,Arkansas,-0.8
1981-08-01,Rio_Grande,-2.2
1981-08-01,San_Juan,-0.9
1981-09-01,Gunnison,-3.2
1981-09-01,Colorado,-2.6
1981-09-01,South_Platte,-1.7
1981-09-01,Yampa_White_N_Platte,-3.3
1981-09-01,Arkansas,0.1
1981-09-01,Rio_Grande,-2
1981-09-01,San_Juan,-1.6
1981-10-01,Gunnison,-2.3
1981-10-01,Colorado,-0.7
1981-10-01,South_Platte,-1.9
1981-10-01,Yampa_White_N_Platte,-2.6
1981-10-01,Arkansas,1.8
1981-10-01,Rio_Grande,0.1
1981-10-01,San_Juan,0.1
1981-11-01,Gunnison,-1.1
1981-11-01,Colorado,-1.3
1981-11-01,South_Platte,0.5
1981-11-01,Yampa_White_N_Platte,-1.7
1981-11-01,Arkansas,0.8
1981-11-01,Rio_Grande,2.6
1981-11-01,San_Juan,1.9
1981-12-01,Gunnison,0.5
1981-12-01,Colorado,-0.2
1981-12-01,South_Platte,-1.5
1981-12-01,Yampa_White_N_Platte,0
1981-12-01,Arkansas,0.8
1981-12-01,Rio_Grande,-1.2
1981-12-01,San_Juan,0.3
1982-01-01,Gunnison,1.3
1982-01-01,Colorado,1.6
1982-01-01,South_Platte,0.1
1982-01-01,Yampa_White_N_Platte,3.6
1982-01-01,Arkansas,1.3
1982-01-01,Rio_Grande,0.8
1982-01-01,San_Juan,-0.8
1982-02-01,Gunnison,2
1982-02-01,Colorado,2
1982-02-01,South_Platte,1.8
1982-02-01,Yampa_White_N_Platte,3.2
1982-02-01,Arkansas,2
1982-02-01,Rio_Grande,0.97
1982-02-01,San_Juan,1.3
1982-03-01,Gunnison,1.2
1982-03-01,Colorado,0.7
1982-03-01,South_Platte,-0.3
1982-03-01,Yampa_White_N_Platte,1.1
1982-03-01,Arkansas,1
1982-03-01,Rio_Grande,0.9
1982-03-01,San_Juan,1
1982-04-01,Gunnison,2
1982-04-01,Colorado,0.8
1982-04-01,South_Platte,-0.5
1982-04-01,Yampa_White_N_Platte,2
1982-04-01,Arkansas,0.9
1982-04-01,Rio_Grande,2.4
1982-04-01,San_Juan,2.2
1982-05-01,Gunnison,1.8
1982-05-01,Colorado,0.4
1982-05-01,South_Platte,-1
1982-05-01,Yampa_White_N_Platte,1.6
1982-05-01,Arkansas,0.7
1982-05-01,Rio_Grande,1.9
1982-05-01,San_Juan,1.8
1982-06-01,Gunnison,-0.8
1982-06-01,Colorado,-1.6
1982-06-01,South_Platte,0.7
1982-06-01,Yampa_White_N_Platte,0.4
1982-06-01,Arkansas,-0.7
1982-06-01,Rio_Grande,-1.4
1982-06-01,San_Juan,-0.2
1982-07-01,Gunnison,0.4
1982-07-01,Colorado,0.1
1982-07-01,South_Platte,0.4
1982-07-01,Yampa_White_N_Platte,1.5
1982-07-01,Arkansas,0.1
1982-07-01,Rio_Grande,3.3
1982-07-01,San_Juan,0.7
1982-08-01,Gunnison,-0.5
1982-08-01,Colorado,1.6
1982-08-01,South_Platte,1.6
1982-08-01,Yampa_White_N_Platte,3
1982-08-01,Arkansas,1.4
1982-08-01,Rio_Grande,1.2
1982-08-01,San_Juan,1.9
1982-09-01,Gunnison,2
1982-09-01,Colorado,2.7
1982-09-01,South_Platte,2.1
1982-09-01,Yampa_White_N_Platte,2.4
1982-09-01,Arkansas,2.8
1982-09-01,Rio_Grande,2.2
1982-09-01,San_Juan,3.8
1982-10-01,Gunnison,2.5
1982-10-01,Colorado,3.7
1982-10-01,South_Platte,2.6
1982-10-01,Yampa_White_N_Platte,2.4
1982-10-01,Arkansas,3.5
1982-10-01,Rio_Grande,3.9
1982-10-01,San_Juan,3.3
1982-11-01,Gunnison,1.1
1982-11-01,Colorado,2.9
1982-11-01,South_Platte,2.3
1982-11-01,Yampa_White_N_Platte,2.5
1982-11-01,Arkansas,3.1
1982-11-01,Rio_Grande,3.2
1982-11-01,San_Juan,2.2
1982-12-01,Gunnison,2.4
1982-12-01,Colorado,1.2
1982-12-01,South_Platte,0.1
1982-12-01,Yampa_White_N_Platte,1.6
1982-12-01,Arkansas,-0.5
1982-12-01,Rio_Grande,1.4
1982-12-01,San_Juan,2.6
1983-01-01,Gunnison,0.7
1983-01-01,Colorado,0.7
1983-01-01,South_Platte,1
1983-01-01,Yampa_White_N_Platte,0.2
1983-01-01,Arkansas,-1.5
1983-01-01,Rio_Grande,1.4
1983-01-01,San_Juan,1.6
1983-02-01,Gunnison,-1.4
1983-02-01,Colorado,-1.2
1983-02-01,South_Platte,0.2
1983-02-01,Yampa_White_N_Platte,-1.8
1983-02-01,Arkansas,-2.1
1983-02-01,Rio_Grande,0.3
1983-02-01,San_Juan,0.3
1983-03-01,Gunnison,-1.5
1983-03-01,Colorado,-1.5
1983-03-01,South_Platte,-0.5
1983-03-01,Yampa_White_N_Platte,-2.4
1983-03-01,Arkansas,-2.5
1983-03-01,Rio_Grande,-0.1
1983-03-01,San_Juan,0.2
1983-04-01,Gunnison,2
1983-04-01,Colorado,0.2
1983-04-01,South_Platte,1.3
1983-04-01,Yampa_White_N_Platte,-0.5
1983-04-01,Arkansas,-1.1
1983-04-01,Rio_Grande,1.4
1983-04-01,San_Juan,1.8
1983-05-01,Gunnison,1.8
1983-05-01,Colorado,1.5
1983-05-01,South_Platte,1.6
1983-05-01,Yampa_White_N_Platte,0.3
1983-05-01,Arkansas,0
1983-05-01,Rio_Grande,2
1983-05-01,San_Juan,2
1983-06-01,Gunnison,1.8
1983-06-01,Colorado,-0.5
1983-06-01,South_Platte,2.4
1983-06-01,Yampa_White_N_Platte,-2.2
1983-06-01,Arkansas,0.2
1983-06-01,Rio_Grande,-2.5
1983-06-01,San_Juan,0.5
1983-07-01,Gunnison,3.3
1983-07-01,Colorado,3.1
1983-07-01,South_Platte,3
1983-07-01,Yampa_White_N_Platte,3.5
1983-07-01,Arkansas,3.2
1983-07-01,Rio_Grande,2.4
1983-07-01,San_Juan,2.7
1983-08-01,Gunnison,3
1983-08-01,Colorado,3.8
1983-08-01,South_Platte,3.2
1983-08-01,Yampa_White_N_Platte,4
1983-08-01,Arkansas,3.5
1983-08-01,Rio_Grande,2.5
1983-08-01,San_Juan,3.5
1983-09-01,Gunnison,3.5
1983-09-01,Colorado,4
1983-09-01,South_Platte,3.6
1983-09-01,Yampa_White_N_Platte,3.6
1983-09-01,Arkansas,3.6
1983-09-01,Rio_Grande,1.8
1983-09-01,San_Juan,3.2
1983-10-01,Gunnison,2.3
1983-10-01,Colorado,3.6
1983-10-01,South_Platte,3.4
1983-10-01,Yampa_White_N_Platte,1.4
1983-10-01,Arkansas,1.7
1983-10-01,Rio_Grande,-0.1
1983-10-01,San_Juan,2.9
1983-11-01,Gunnison,2
1983-11-01,Colorado,2.9
1983-11-01,South_Platte,3
1983-11-01,Yampa_White_N_Platte,2.6
1983-11-01,Arkansas,2.3
1983-11-01,Rio_Grande,1.4
1983-11-01,San_Juan,1.5
1983-12-01,Gunnison,2.9
1983-12-01,Colorado,2.8
1983-12-01,South_Platte,3.2
1983-12-01,Yampa_White_N_Platte,3.5
1983-12-01,Arkansas,2.5
1983-12-01,Rio_Grande,1.3
1983-12-01,San_Juan,1.9
1984-01-01,Gunnison,3.9
1984-01-01,Colorado,4
1984-01-01,South_Platte,3.8
1984-01-01,Yampa_White_N_Platte,4.1
1984-01-01,Arkansas,4.1
1984-01-01,Rio_Grande,4.1
1984-01-01,San_Juan,4
1984-02-01,Gunnison,3.5
1984-02-01,Colorado,3.4
1984-02-01,South_Platte,3.5
1984-02-01,Yampa_White_N_Platte,3.7
1984-02-01,Arkansas,2.4
1984-02-01,Rio_Grande,2.6
1984-02-01,San_Juan,2.8
1984-03-01,Gunnison,3.2
1984-03-01,Colorado,2.7
1984-03-01,South_Platte,3.2
1984-03-01,Yampa_White_N_Platte,2.5
1984-03-01,Arkansas,1.8
1984-03-01,Rio_Grande,1.95
1984-03-01,San_Juan,2.4
1984-04-01,Gunnison,2.8
1984-04-01,Colorado,3
1984-04-01,South_Platte,3.3
1984-04-01,Yampa_White_N_Platte,2.7
1984-04-01,Arkansas,2.4
1984-04-01,Rio_Grande,1.5
1984-04-01,San_Juan,2
1984-05-01,Gunnison,2.7
1984-05-01,Colorado,2.7
1984-05-01,South_Platte,3.2
1984-05-01,Yampa_White_N_Platte,3.5
1984-05-01,Arkansas,2.7
1984-05-01,Rio_Grande,1.8
1984-05-01,San_Juan,1.1
1984-06-01,Gunnison,3.4
1984-06-01,Colorado,3.8
1984-06-01,South_Platte,3.1
1984-06-01,Yampa_White_N_Platte,3.5
1984-06-01,Arkansas,3
1984-06-01,Rio_Grande,2.5
1984-06-01,San_Juan,3.5
1984-07-01,Gunnison,3.8
1984-07-01,Colorado,3.5
1984-07-01,South_Platte,3.3
1984-07-01,Yampa_White_N_Platte,3.7
1984-07-01,Arkansas,3.6
1984-07-01,Rio_Grande,1.3
1984-07-01,San_Juan,1.4
1984-08-01,Gunnison,3.6
1984-08-01,Colorado,3.4
1984-08-01,South_Platte,3.3
1984-08-01,Yampa_White_N_Platte,3.8
1984-08-01,Arkansas,3.4
1984-08-01,Rio_Grande,1.7
1984-08-01,San_Juan,2
1984-09-01,Gunnison,3.6
1984-09-01,Colorado,4
1984-09-01,South_Platte,3.8
1984-09-01,Yampa_White_N_Platte,3.8
1984-09-01,Arkansas,2.1
1984-09-01,Rio_Grande,1.8
1984-09-01,San_Juan,3.3
1984-10-01,Gunnison,2.9
1984-10-01,Colorado,3.9
1984-10-01,South_Platte,3.6
1984-10-01,Yampa_White_N_Platte,3.7
1984-10-01,Arkansas,3.4
1984-10-01,Rio_Grande,1.9
1984-10-01,San_Juan,2.1
1984-11-01,Gunnison,3.5
1984-11-01,Colorado,4
1984-11-01,South_Platte,4
1984-11-01,Yampa_White_N_Platte,3.7
1984-11-01,Arkansas,3.3
1984-11-01,Rio_Grande,2.5
1984-11-01,San_Juan,2.7
1984-12-01,Gunnison,3.2
1984-12-01,Colorado,2
1984-12-01,South_Platte,2.2
1984-12-01,Yampa_White_N_Platte,2.4
1984-12-01,Arkansas,1.2
1984-12-01,Rio_Grande,2.5
1984-12-01,San_Juan,3.2
1985-01-01,Gunnison,3.2
1985-01-01,Colorado,2.6
1985-01-01,South_Platte,2.7
1985-01-01,Yampa_White_N_Platte,1.9
1985-01-01,Arkansas,3
1985-01-01,Rio_Grande,2.9
1985-01-01,San_Juan,2.8
1985-02-01,Gunnison,1.4
1985-02-01,Colorado,1
1985-02-01,South_Platte,2.5
1985-02-01,Yampa_White_N_Platte,0.3
1985-02-01,Arkansas,1.6
1985-02-01,Rio_Grande,2.3
1985-02-01,San_Juan,2
1985-03-01,Gunnison,0.2
1985-03-01,Colorado,-0.7
1985-03-01,South_Platte,1.6
1985-03-01,Yampa_White_N_Platte,-1.7
1985-03-01,Arkansas,-0.6
1985-03-01,Rio_Grande,2
1985-03-01,San_Juan,1.3
1985-04-01,Gunnison,1.9
1985-04-01,Colorado,-0.3
1985-04-01,South_Platte,1.6
1985-04-01,Yampa_White_N_Platte,-1.2
1985-04-01,Arkansas,0.4
1985-04-01,Rio_Grande,2.9
1985-04-01,San_Juan,2.1
1985-05-01,Gunnison,2.2
1985-05-01,Colorado,0.7
1985-05-01,South_Platte,1.7
1985-05-01,Yampa_White_N_Platte,-1.1
1985-05-01,Arkansas,0.8
1985-05-01,Rio_Grande,2.8
1985-05-01,San_Juan,2.2
1985-06-01,Gunnison,2.3
1985-06-01,Colorado,3.2
1985-06-01,South_Platte,3.4
1985-06-01,Yampa_White_N_Platte,3.2
1985-06-01,Arkansas,3.9
1985-06-01,Rio_Grande,3
1985-06-01,San_Juan,2.7
1985-07-01,Gunnison,2.8
1985-07-01,Colorado,2
1985-07-01,South_Platte,3.1
1985-07-01,Yampa_White_N_Platte,2.5
1985-07-01,Arkansas,3.2
1985-07-01,Rio_Grande,2.7
1985-07-01,San_Juan,2.4
1985-08-01,Gunnison,2.5
1985-08-01,Colorado,1.7
1985-08-01,South_Platte,3.4
1985-08-01,Yampa_White_N_Platte,2.3
1985-08-01,Arkansas,2.6
1985-08-01,Rio_Grande,2.7
1985-08-01,San_Juan,2.4
1985-09-01,Gunnison,1.4
1985-09-01,Colorado,1.7
1985-09-01,South_Platte,2.9
1985-09-01,Yampa_White_N_Platte,1.7
1985-09-01,Arkansas,0.3
1985-09-01,Rio_Grande,1.8
1985-09-01,San_Juan,0.9
1985-10-01,Gunnison,2.4
1985-10-01,Colorado,2.5
1985-10-01,South_Platte,3.8
1985-10-01,Yampa_White_N_Platte,2.1
1985-10-01,Arkansas,2.4
1985-10-01,Rio_Grande,2.9
1985-10-01,San_Juan,3.4
1985-11-01,Gunnison,3.2
1985-11-01,Colorado,3.7
1985-11-01,South_Platte,3.6
1985-11-01,Yampa_White_N_Platte,3.7
1985-11-01,Arkansas,2.3
1985-11-01,Rio_Grande,3.2
1985-11-01,San_Juan,3
1985-12-01,Gunnison,2.8
1985-12-01,Colorado,3.5
1985-12-01,South_Platte,2.2
1985-12-01,Yampa_White_N_Platte,3.8
1985-12-01,Arkansas,3.3
1985-12-01,Rio_Grande,1.8
1985-12-01,San_Juan,2.1
1986-01-01,Gunnison,2.7
1986-01-01,Colorado,3.6
1986-01-01,South_Platte,2.9
1986-01-01,Yampa_White_N_Platte,3.8
1986-01-01,Arkansas,2.2
1986-01-01,Rio_Grande,2
1986-01-01,San_Juan,1.6
1986-02-01,Gunnison,0.5
1986-02-01,Colorado,2.1
1986-02-01,South_Platte,2.3
1986-02-01,Yampa_White_N_Platte,1.3
1986-02-01,Arkansas,0.3
1986-02-01,Rio_Grande,-0.1
1986-02-01,San_Juan,-0.3
1986-03-01,Gunnison,1.9
1986-03-01,Colorado,3
1986-03-01,South_Platte,3.2
1986-03-01,Yampa_White_N_Platte,2.7
1986-03-01,Arkansas,2.2
1986-03-01,Rio_Grande,0
1986-03-01,San_Juan,0.6
1986-04-01,Gunnison,0.8
1986-04-01,Colorado,1.6
1986-04-01,South_Platte,2.5
1986-04-01,Yampa_White_N_Platte,2.6
1986-04-01,Arkansas,0.7
1986-04-01,Rio_Grande,0.8
1986-04-01,San_Juan,0.8
1986-05-01,Gunnison,1.1
1986-05-01,Colorado,1.9
1986-05-01,South_Platte,2.6
1986-05-01,Yampa_White_N_Platte,1.3
1986-05-01,Arkansas,0.8
1986-05-01,Rio_Grande,1.9
1986-05-01,San_Juan,1.8
1986-06-01,Gunnison,2.1
1986-06-01,Colorado,1.1
1986-06-01,South_Platte,2.9
1986-06-01,Yampa_White_N_Platte,2.4
1986-06-01,Arkansas,2.5
1986-06-01,Rio_Grande,2.2
1986-06-01,San_Juan,2.2
1986-07-01,Gunnison,3.3
1986-07-01,Colorado,1.2
1986-07-01,South_Platte,3.6
1986-07-01,Yampa_White_N_Platte,1.9
1986-07-01,Arkansas,3.3
1986-07-01,Rio_Grande,3
1986-07-01,San_Juan,2.2
1986-08-01,Gunnison,3.1
1986-08-01,Colorado,1.9
1986-08-01,South_Platte,3.3
1986-08-01,Yampa_White_N_Platte,3
1986-08-01,Arkansas,2.1
1986-08-01,Rio_Grande,2.1
1986-08-01,San_Juan,3
1986-09-01,Gunnison,1.9
1986-09-01,Colorado,2.1
1986-09-01,South_Platte,3.4
1986-09-01,Yampa_White_N_Platte,2.7
1986-09-01,Arkansas,3.1
1986-09-01,Rio_Grande,2.4
1986-09-01,San_Juan,1.5
1986-10-01,Gunnison,2.7
1986-10-01,Colorado,3.6
1986-10-01,South_Platte,3.4
1986-10-01,Yampa_White_N_Platte,3.5
1986-10-01,Arkansas,2.7
1986-10-01,Rio_Grande,3.3
1986-10-01,San_Juan,3.4
1986-11-01,Gunnison,3
1986-11-01,Colorado,3.9
1986-11-01,South_Platte,3.6
1986-11-01,Yampa_White_N_Platte,3.7
1986-11-01,Arkansas,2.6
1986-11-01,Rio_Grande,3.3
1986-11-01,San_Juan,3.3
1986-12-01,Gunnison,2.1
1986-12-01,Colorado,2.2
1986-12-01,South_Platte,2.6
1986-12-01,Yampa_White_N_Platte,3.5
1986-12-01,Arkansas,3.1
1986-12-01,Rio_Grande,2.1
1986-12-01,San_Juan,1.7
1987-01-01,Gunnison,1.5
1987-01-01,Colorado,0
1987-01-01,South_Platte,2.1
1987-01-01,Yampa_White_N_Platte,-2.2
1987-01-01,Arkansas,1.2
1987-01-01,Rio_Grande,1.2
1987-01-01,San_Juan,1
1987-02-01,Gunnison,0.6
1987-02-01,Colorado,-1.1
1987-02-01,South_Platte,2
1987-02-01,Yampa_White_N_Platte,-2.5
1987-02-01,Arkansas,0.5
1987-02-01,Rio_Grande,1.2
1987-02-01,San_Juan,0.9
1987-03-01,Gunnison,0.7
1987-03-01,Colorado,-1.8
1987-03-01,South_Platte,2.1
1987-03-01,Yampa_White_N_Platte,-3
1987-03-01,Arkansas,0.1
1987-03-01,Rio_Grande,1.1
1987-03-01,San_Juan,1.1
1987-04-01,Gunnison,1.1
1987-04-01,Colorado,-2.1
1987-04-01,South_Platte,2.1
1987-04-01,Yampa_White_N_Platte,-3.4
1987-04-01,Arkansas,0.1
1987-04-01,Rio_Grande,2.4
1987-04-01,San_Juan,2
1987-05-01,Gunnison,0.5
1987-05-01,Colorado,-2.7
1987-05-01,South_Platte,1.6
1987-05-01,Yampa_White_N_Platte,-3.4
1987-05-01,Arkansas,-1.2
1987-05-01,Rio_Grande,2.2
1987-05-01,San_Juan,1.6
1987-06-01,Gunnison,2.9
1987-06-01,Colorado,0.4
1987-06-01,South_Platte,3.9
1987-06-01,Yampa_White_N_Platte,-1
1987-06-01,Arkansas,3.6
1987-06-01,Rio_Grande,2.8
1987-06-01,San_Juan,2.5
1987-07-01,Gunnison,1.2
1987-07-01,Colorado,-1.7
1987-07-01,South_Platte,3.2
1987-07-01,Yampa_White_N_Platte,-3.1
1987-07-01,Arkansas,3.1
1987-07-01,Rio_Grande,2.7
1987-07-01,San_Juan,2.3
1987-08-01,Gunnison,-0.2
1987-08-01,Colorado,-2.4
1987-08-01,South_Platte,2.5
1987-08-01,Yampa_White_N_Platte,-1.3
1987-08-01,Arkansas,1
1987-08-01,Rio_Grande,1.9
1987-08-01,San_Juan,1.9
1987-09-01,Gunnison,1.9
1987-09-01,Colorado,1.6
1987-09-01,South_Platte,2.3
1987-09-01,Yampa_White_N_Platte,1.8
1987-09-01,Arkansas,3.8
1987-09-01,Rio_Grande,3.3
1987-09-01,San_Juan,3.3
1987-10-01,Gunnison,2.1
1987-10-01,Colorado,0.8
1987-10-01,South_Platte,3
1987-10-01,Yampa_White_N_Platte,-2.7
1987-10-01,Arkansas,2.7
1987-10-01,Rio_Grande,1
1987-10-01,San_Juan,0.8
1987-11-01,Gunnison,-0.4
1987-11-01,Colorado,-0.1
1987-11-01,South_Platte,3.2
1987-11-01,Yampa_White_N_Platte,-1.5
1987-11-01,Arkansas,1.7
1987-11-01,Rio_Grande,-0.5
1987-11-01,San_Juan,-0.6
1987-12-01,Gunnison,2.6
1987-12-01,Colorado,2.3
1987-12-01,South_Platte,2.8
1987-12-01,Yampa_White_N_Platte,2.6
1987-12-01,Arkansas,1.8
1987-12-01,Rio_Grande,2.4
1987-12-01,San_Juan,3.1
1988-01-01,Gunnison,-1
1988-01-01,Colorado,1.9
1988-01-01,South_Platte,-1.1
1988-01-01,Yampa_White_N_Platte,-1.1
1988-01-01,Arkansas,-0.6
1988-01-01,Rio_Grande,-0.5
1988-01-01,San_Juan,0.2
1988-02-01,Gunnison,0.2
1988-02-01,Colorado,0.5
1988-02-01,South_Platte,2.1
1988-02-01,Yampa_White_N_Platte,0.1
1988-02-01,Arkansas,-0.2
1988-02-01,Rio_Grande,0.1
1988-02-01,San_Juan,0.2
1988-03-01,Gunnison,-0.8
1988-03-01,Colorado,0.6
1988-03-01,South_Platte,2
1988-03-01,Yampa_White_N_Platte,0
1988-03-01,Arkansas,-0.5
1988-03-01,Rio_Grande,-0.4
1988-03-01,San_Juan,-0.4
1988-04-01,Gunnison,-1.1
1988-04-01,Colorado,0
1988-04-01,South_Platte,1.9
1988-04-01,Yampa_White_N_Platte,0.5
1988-04-01,Arkansas,-1.9
1988-04-01,Rio_Grande,-1.4
1988-04-01,San_Juan,-1.4
1988-05-01,Gunnison,-0.9
1988-05-01,Colorado,0
1988-05-01,South_Platte,2.4
1988-05-01,Yampa_White_N_Platte,-0.7
1988-05-01,Arkansas,-1.9
1988-05-01,Rio_Grande,-1
1988-05-01,San_Juan,-1
1988-06-01,Gunnison,0.1
1988-06-01,Colorado,-1.2
1988-06-01,South_Platte,3.2
1988-06-01,Yampa_White_N_Platte,-0.5
1988-06-01,Arkansas,0.8
1988-06-01,Rio_Grande,-3.1
1988-06-01,San_Juan,-2.2
1988-07-01,Gunnison,-2.1
1988-07-01,Colorado,-0.9
1988-07-01,South_Platte,3.4
1988-07-01,Yampa_White_N_Platte,-0.3
1988-07-01,Arkansas,1.4
1988-07-01,Rio_Grande,-1.3
1988-07-01,San_Juan,-0.8
1988-08-01,Gunnison,-2.3
1988-08-01,Colorado,-1.9
1988-08-01,South_Platte,2.5
1988-08-01,Yampa_White_N_Platte,-1.5
1988-08-01,Arkansas,-0.6
1988-08-01,Rio_Grande,-1.4
1988-08-01,San_Juan,-1.3
1988-09-01,Gunnison,-3
1988-09-01,Colorado,-2.4
1988-09-01,South_Platte,3.1
1988-09-01,Yampa_White_N_Platte,-2.6
1988-09-01,Arkansas,0
1988-09-01,Rio_Grande,0
1988-09-01,San_Juan,0.8
1988-10-01,Gunnison,-2.2
1988-10-01,Colorado,-1.1
1988-10-01,South_Platte,3.1
1988-10-01,Yampa_White_N_Platte,-0.3
1988-10-01,Arkansas,0.2
1988-10-01,Rio_Grande,1.1
1988-10-01,San_Juan,2.5
1988-11-01,Gunnison,-1.1
1988-11-01,Colorado,-2.2
1988-11-01,South_Platte,2.2
1988-11-01,Yampa_White_N_Platte,-1.3
1988-11-01,Arkansas,0.1
1988-11-01,Rio_Grande,-0.6
1988-11-01,San_Juan,0.8
1988-12-01,Gunnison,0.2
1988-12-01,Colorado,0.7
1988-12-01,South_Platte,0.6
1988-12-01,Yampa_White_N_Platte,2.5
1988-12-01,Arkansas,0.8
1988-12-01,Rio_Grande,0
1988-12-01,San_Juan,1.2
1989-01-01,Gunnison,0.5
1989-01-01,Colorado,0
1989-01-01,South_Platte,0.5
1989-01-01,Yampa_White_N_Platte,0.1
1989-01-01,Arkansas,-0.2
1989-01-01,Rio_Grande,-0.7
1989-01-01,San_Juan,0.5
1989-02-01,Gunnison,-1
1989-02-01,Colorado,-1.7
1989-02-01,South_Platte,0.6
1989-02-01,Yampa_White_N_Platte,-1.3
1989-02-01,Arkansas,-1.1
1989-02-01,Rio_Grande,0.4
1989-02-01,San_Juan,0.5
1989-03-01,Gunnison,0.6
1989-03-01,Colorado,0
1989-03-01,South_Platte,1.8
1989-03-01,Yampa_White_N_Platte,-0.6
1989-03-01,Arkansas,-0.7
1989-03-01,Rio_Grande,1.8
1989-03-01,San_Juan,1.6
1989-04-01,Gunnison,-0.2
1989-04-01,Colorado,0
1989-04-01,South_Platte,0.8
1989-04-01,Yampa_White_N_Platte,-1.8
1989-04-01,Arkansas,-1.7
1989-04-01,Rio_Grande,0.5
1989-04-01,San_Juan,-0.1
1989-05-01,Gunnison,-1.3
1989-05-01,Colorado,-0.4
1989-05-01,South_Platte,0.8
1989-05-01,Yampa_White_N_Platte,-2.5
1989-05-01,Arkansas,-2.2
1989-05-01,Rio_Grande,-1.7
1989-05-01,San_Juan,-1.4
1989-06-01,Gunnison,-0.8
1989-06-01,Colorado,-1.4
1989-06-01,South_Platte,2.4
1989-06-01,Yampa_White_N_Platte,-3.3
1989-06-01,Arkansas,0.3
1989-06-01,Rio_Grande,-0.7
1989-06-01,San_Juan,-2.9
1989-07-01,Gunnison,-2.1
1989-07-01,Colorado,-2.6
1989-07-01,South_Platte,2.6
1989-07-01,Yampa_White_N_Platte,-3.5
1989-07-01,Arkansas,-0.3
1989-07-01,Rio_Grande,-1.8
1989-07-01,San_Juan,-2.9
1989-08-01,Gunnison,-1.9
1989-08-01,Colorado,-2.3
1989-08-01,South_Platte,1.7
1989-08-01,Yampa_White_N_Platte,-2.8
1989-08-01,Arkansas,1.2
1989-08-01,Rio_Grande,-1.4
1989-08-01,San_Juan,-2
1989-09-01,Gunnison,-2.5
1989-09-01,Colorado,-1.2
1989-09-01,South_Platte,1.1
1989-09-01,Yampa_White_N_Platte,-2.2
1989-09-01,Arkansas,1.3
1989-09-01,Rio_Grande,-1.6
1989-09-01,San_Juan,-1.1
1989-10-01,Gunnison,-2.3
1989-10-01,Colorado,-0.5
1989-10-01,South_Platte,2
1989-10-01,Yampa_White_N_Platte,-3.2
1989-10-01,Arkansas,0
1989-10-01,Rio_Grande,-0.9
1989-10-01,San_Juan,-2.7
1989-11-01,Gunnison,-1.8
1989-11-01,Colorado,-1.7
1989-11-01,South_Platte,0.8
1989-11-01,Yampa_White_N_Platte,-3.8
1989-11-01,Arkansas,0
1989-11-01,Rio_Grande,0.3
1989-11-01,San_Juan,-2
1989-12-01,Gunnison,-2.5
1989-12-01,Colorado,-2.1
1989-12-01,South_Platte,-1.9
1989-12-01,Yampa_White_N_Platte,-1.5
1989-12-01,Arkansas,-2.5
1989-12-01,Rio_Grande,-3.3
1989-12-01,San_Juan,-2.8
1990-01-01,Gunnison,-2.6
1990-01-01,Colorado,-1.4
1990-01-01,South_Platte,-0.4
1990-01-01,Yampa_White_N_Platte,1.5
1990-01-01,Arkansas,-0.1
1990-01-01,Rio_Grande,-3.4
1990-01-01,San_Juan,-3.5
1990-02-01,Gunnison,-2.8
1990-02-01,Colorado,-2.6
1990-02-01,South_Platte,-0.5
1990-02-01,Yampa_White_N_Platte,-1.4
1990-02-01,Arkansas,-1.8
1990-02-01,Rio_Grande,-3.6
1990-02-01,San_Juan,-3.6
1990-03-01,Gunnison,-2.9
1990-03-01,Colorado,-2.6
1990-03-01,South_Platte,-1.6
1990-03-01,Yampa_White_N_Platte,-1.8
1990-03-01,Arkansas,-2.5
1990-03-01,Rio_Grande,-3.2
1990-03-01,San_Juan,-3.5
1990-04-01,Gunnison,-2.8
1990-04-01,Colorado,-1.9
1990-04-01,South_Platte,-0.5
1990-04-01,Yampa_White_N_Platte,-1.8
1990-04-01,Arkansas,-2.3
1990-04-01,Rio_Grande,-2.8
1990-04-01,San_Juan,-3.3
1990-05-01,Gunnison,-1.4
1990-05-01,Colorado,-1.7
1990-05-01,South_Platte,-0.8
1990-05-01,Yampa_White_N_Platte,-2.6
1990-05-01,Arkansas,-0.8
1990-05-01,Rio_Grande,-0.5
1990-05-01,San_Juan,-1.7
1990-06-01,Gunnison,-1.4
1990-06-01,Colorado,-2.5
1990-06-01,South_Platte,0.3
1990-06-01,Yampa_White_N_Platte,-3.8
1990-06-01,Arkansas,-0.7
1990-06-01,Rio_Grande,-1.7
1990-06-01,San_Juan,-2.1
1990-07-01,Gunnison,-1.9
1990-07-01,Colorado,-2.1
1990-07-01,South_Platte,0.3
1990-07-01,Yampa_White_N_Platte,-2.4
1990-07-01,Arkansas,0.6
1990-07-01,Rio_Grande,-0.5
1990-07-01,San_Juan,-2.7
1990-08-01,Gunnison,-1.4
1990-08-01,Colorado,-2.3
1990-08-01,South_Platte,1.4
1990-08-01,Yampa_White_N_Platte,-2.2
1990-08-01,Arkansas,0.9
1990-08-01,Rio_Grande,-0.7
1990-08-01,San_Juan,-1
1990-09-01,Gunnison,-2.6
1990-09-01,Colorado,-1.9
1990-09-01,South_Platte,2.1
1990-09-01,Yampa_White_N_Platte,-3.5
1990-09-01,Arkansas,0.5
1990-09-01,Rio_Grande,-0.4
1990-09-01,San_Juan,-0.7
1990-10-01,Gunnison,-1.9
1990-10-01,Colorado,-0.6
1990-10-01,South_Platte,2.1
1990-10-01,Yampa_White_N_Platte,-2.7
1990-10-01,Arkansas,-0.1
1990-10-01,Rio_Grande,0
1990-10-01,San_Juan,0.3
1990-11-01,Gunnison,-1.3
1990-11-01,Colorado,-0.6
1990-11-01,South_Platte,1.8
1990-11-01,Yampa_White_N_Platte,-1.8
1990-11-01,Arkansas,2.6
1990-11-01,Rio_Grande,2.8
1990-11-01,San_Juan,2.7
1990-12-01,Gunnison,0.8
1990-12-01,Colorado,-0.7
1990-12-01,South_Platte,-0.9
1990-12-01,Yampa_White_N_Platte,0.4
1990-12-01,Arkansas,1.4
1990-12-01,Rio_Grande,-0.1
1990-12-01,San_Juan,0.7
1991-01-01,Gunnison,0.2
1991-01-01,Colorado,-0.3
1991-01-01,South_Platte,-0.6
1991-01-01,Yampa_White_N_Platte,0.1
1991-01-01,Arkansas,2.6
1991-01-01,Rio_Grande,1.5
1991-01-01,San_Juan,0.2
1991-02-01,Gunnison,-0.2
1991-02-01,Colorado,-1.6
1991-02-01,South_Platte,-0.6
1991-02-01,Yampa_White_N_Platte,-1.1
1991-02-01,Arkansas,-0.9
1991-02-01,Rio_Grande,0.9
1991-02-01,San_Juan,-0.3
1991-03-01,Gunnison,-1.2
1991-03-01,Colorado,-2.1
1991-03-01,South_Platte,-1.3
1991-03-01,Yampa_White_N_Platte,-2.3
1991-03-01,Arkansas,-2.1
1991-03-01,Rio_Grande,-0.4
1991-03-01,San_Juan,-1.1
1991-04-01,Gunnison,0.9
1991-04-01,Colorado,-0.9
1991-04-01,South_Platte,-0.9
1991-04-01,Yampa_White_N_Platte,-0.7
1991-04-01,Arkansas,-1
1991-04-01,Rio_Grande,1.5
1991-04-01,San_Juan,-0.1
1991-05-01,Gunnison,1.4
1991-05-01,Colorado,0.3
1991-05-01,South_Platte,-0.7
1991-05-01,Yampa_White_N_Platte,0.6
1991-05-01,Arkansas,-0.6
1991-05-01,Rio_Grande,1.3
1991-05-01,San_Juan,-0.3
1991-06-01,Gunnison,1.1
1991-06-01,Colorado,-0.5
1991-06-01,South_Platte,0.7
1991-06-01,Yampa_White_N_Platte,-2.4
1991-06-01,Arkansas,0.2
1991-06-01,Rio_Grande,1.7
1991-06-01,San_Juan,0.4
1991-07-01,Gunnison,1.2
1991-07-01,Colorado,0.2
1991-07-01,South_Platte,1.7
1991-07-01,Yampa_White_N_Platte,0.1
1991-07-01,Arkansas,0.5
1991-07-01,Rio_Grande,0.1
1991-07-01,San_Juan,-0.4
1991-08-01,Gunnison,0.8
1991-08-01,Colorado,0.4
1991-08-01,South_Platte,1.4
1991-08-01,Yampa_White_N_Platte,0
1991-08-01,Arkansas,0.1
1991-08-01,Rio_Grande,-0.1
1991-08-01,San_Juan,-0.9
1991-09-01,Gunnison,-1.4
1991-09-01,Colorado,-0.7
1991-09-01,South_Platte,1.9
1991-09-01,Yampa_White_N_Platte,-2.2
1991-09-01,Arkansas,-0.4
1991-09-01,Rio_Grande,-1
1991-09-01,San_Juan,-1.5
1991-10-01,Gunnison,-1.5
1991-10-01,Colorado,1.3
1991-10-01,South_Platte,2.1
1991-10-01,Yampa_White_N_Platte,-0.7
1991-10-01,Arkansas,-0.3
1991-10-01,Rio_Grande,2.6
1991-10-01,San_Juan,3.2
1991-11-01,Gunnison,-1.4
1991-11-01,Colorado,-0.7
1991-11-01,South_Platte,1.9
1991-11-01,Yampa_White_N_Platte,-2.2
1991-11-01,Arkansas,-0.4
1991-11-01,Rio_Grande,-1
1991-11-01,San_Juan,-1.5
1991-12-01,Gunnison,3.1
1991-12-01,Colorado,2.3
1991-12-01,South_Platte,1.2
1991-12-01,Yampa_White_N_Platte,2.7
1991-12-01,Arkansas,3.1
1991-12-01,Rio_Grande,2.8
1991-12-01,San_Juan,3
1992-01-01,Gunnison,1.3
1992-01-01,Colorado,0.1
1992-01-01,South_Platte,0.5
1992-01-01,Yampa_White_N_Platte,-1
1992-01-01,Arkansas,2.1
1992-01-01,Rio_Grande,1.8
1992-01-01,San_Juan,1.6
1992-02-01,Gunnison,-1.3
1992-02-01,Colorado,-1.8
1992-02-01,South_Platte,-0.1
1992-02-01,Yampa_White_N_Platte,-2.4
1992-02-01,Arkansas,-0.1
1992-02-01,Rio_Grande,0.2
1992-02-01,San_Juan,-0.5
1992-03-01,Gunnison,-1.5
1992-03-01,Colorado,-2
1992-03-01,South_Platte,-0.3
1992-03-01,Yampa_White_N_Platte,-2.9
1992-03-01,Arkansas,-1.2
1992-03-01,Rio_Grande,0.6
1992-03-01,San_Juan,-0.4
1992-04-01,Gunnison,0.1
1992-04-01,Colorado,-1.5
1992-04-01,South_Platte,0.8
1992-04-01,Yampa_White_N_Platte,-3.3
1992-04-01,Arkansas,-1
1992-04-01,Rio_Grande,0.8
1992-04-01,San_Juan,0.4
1992-05-01,Gunnison,-1.3
1992-05-01,Colorado,-2.4
1992-05-01,South_Platte,0.9
1992-05-01,Yampa_White_N_Platte,-3.6
1992-05-01,Arkansas,-1.6
1992-05-01,Rio_Grande,0
1992-05-01,San_Juan,-0.5
1992-06-01,Gunnison,1
1992-06-01,Colorado,-0.4
1992-06-01,South_Platte,1.4
1992-06-01,Yampa_White_N_Platte,-1.6
1992-06-01,Arkansas,1.2
1992-06-01,Rio_Grande,-0.5
1992-06-01,San_Juan,1.8
1992-07-01,Gunnison,-1.4
1992-07-01,Colorado,-2.2
1992-07-01,South_Platte,1.8
1992-07-01,Yampa_White_N_Platte,-3.5
1992-07-01,Arkansas,0.1
1992-07-01,Rio_Grande,-1.6
1992-07-01,San_Juan,-0.6
1992-08-01,Gunnison,-0.6
1992-08-01,Colorado,-2
1992-08-01,South_Platte,1.4
1992-08-01,Yampa_White_N_Platte,-1.3
1992-08-01,Arkansas,-0.1
1992-08-01,Rio_Grande,-0.7
1992-08-01,San_Juan,0.3
1992-09-01,Gunnison,-0.8
1992-09-01,Colorado,-0.4
1992-09-01,South_Platte,2.7
1992-09-01,Yampa_White_N_Platte,-2.6
1992-09-01,Arkansas,1.4
1992-09-01,Rio_Grande,0.1
1992-09-01,San_Juan,1.2
1992-10-01,Gunnison,-1.8
1992-10-01,Colorado,-0.8
1992-10-01,South_Platte,1.9
1992-10-01,Yampa_White_N_Platte,-0.8
1992-10-01,Arkansas,1.1
1992-10-01,Rio_Grande,1
1992-10-01,San_Juan,1.9
1992-11-01,Gunnison,-0.7
1992-11-01,Colorado,-2.5
1992-11-01,South_Platte,1.8
1992-11-01,Yampa_White_N_Platte,-2.4
1992-11-01,Arkansas,0.5
1992-11-01,Rio_Grande,0.1
1992-11-01,San_Juan,-1.5
1992-12-01,Gunnison,2
1992-12-01,Colorado,1.5
1992-12-01,South_Platte,0.1
1992-12-01,Yampa_White_N_Platte,2.6
1992-12-01,Arkansas,0.7
1992-12-01,Rio_Grande,-0.9
1992-12-01,San_Juan,0.2
1993-01-01,Gunnison,0.9
1993-01-01,Colorado,0.3
1993-01-01,South_Platte,0
1993-01-01,Yampa_White_N_Platte,0
1993-01-01,Arkansas,0.1
1993-01-01,Rio_Grande,0.7
1993-01-01,San_Juan,0.1
1993-02-01,Gunnison,2
1993-02-01,Colorado,-0.3
1993-02-01,South_Platte,0
1993-02-01,Yampa_White_N_Platte,-0.3
1993-02-01,Arkansas,0
1993-02-01,Rio_Grande,2.4
1993-02-01,San_Juan,2.3
1993-03-01,Gunnison,3.1
1993-03-01,Colorado,2
1993-03-01,South_Platte,0.9
1993-03-01,Yampa_White_N_Platte,0.1
1993-03-01,Arkansas,2
1993-03-01,Rio_Grande,3.4
1993-03-01,San_Juan,3.6
1993-04-01,Gunnison,3.7
1993-04-01,Colorado,2.4
1993-04-01,South_Platte,1.2
1993-04-01,Yampa_White_N_Platte,-0.1
1993-04-01,Arkansas,1.5
1993-04-01,Rio_Grande,3.2
1993-04-01,San_Juan,2.9
1993-05-01,Gunnison,3.8
1993-05-01,Colorado,3.3
1993-05-01,South_Platte,2
1993-05-01,Yampa_White_N_Platte,1.5
1993-05-01,Arkansas,2.2
1993-05-01,Rio_Grande,3
1993-05-01,San_Juan,2.4
1993-06-01,Gunnison,3.5
1993-06-01,Colorado,2.7
1993-06-01,South_Platte,1.2
1993-06-01,Yampa_White_N_Platte,1.7
1993-06-01,Arkansas,2.9
1993-06-01,Rio_Grande,1.4
1993-06-01,San_Juan,3.5
1993-07-01,Gunnison,2.5
1993-07-01,Colorado,1.9
1993-07-01,South_Platte,2.4
1993-07-01,Yampa_White_N_Platte,2.2
1993-07-01,Arkansas,2.3
1993-07-01,Rio_Grande,1.3
1993-07-01,San_Juan,2.1
1993-08-01,Gunnison,1.7
1993-08-01,Colorado,2.6
1993-08-01,South_Platte,1.3
1993-08-01,Yampa_White_N_Platte,2
1993-08-01,Arkansas,2.2
1993-08-01,Rio_Grande,1.5
1993-08-01,San_Juan,1
1993-09-01,Gunnison,3.2
1993-09-01,Colorado,3.8
1993-09-01,South_Platte,2.8
1993-09-01,Yampa_White_N_Platte,1.4
1993-09-01,Arkansas,2.9
1993-09-01,Rio_Grande,2.9
1993-09-01,San_Juan,2.5
1993-10-01,Gunnison,1
1993-10-01,Colorado,2
1993-10-01,South_Platte,3.3
1993-10-01,Yampa_White_N_Platte,0.6
1993-10-01,Arkansas,2.2
1993-10-01,Rio_Grande,2.3
1993-10-01,San_Juan,1.9
1993-11-01,Gunnison,1
1993-11-01,Colorado,2.1
1993-11-01,South_Platte,3
1993-11-01,Yampa_White_N_Platte,0.9
1993-11-01,Arkansas,2.3
1993-11-01,Rio_Grande,-0.3
1993-11-01,San_Juan,-0.3
1993-12-01,Gunnison,1
1993-12-01,Colorado,2.4
1993-12-01,South_Platte,2.6
1993-12-01,Yampa_White_N_Platte,2.9
1993-12-01,Arkansas,2.1
1993-12-01,Rio_Grande,-0.2
1993-12-01,San_Juan,0.1
1994-01-01,Gunnison,-0.9
1994-01-01,Colorado,1.3
1994-01-01,South_Platte,1.8
1994-01-01,Yampa_White_N_Platte,0
1994-01-01,Arkansas,0
1994-01-01,Rio_Grande,-1.2
1994-01-01,San_Juan,-1.8
1994-02-01,Gunnison,-1.9
1994-02-01,Colorado,-0.1
1994-02-01,South_Platte,1.8
1994-02-01,Yampa_White_N_Platte,-1.3
1994-02-01,Arkansas,-0.7
1994-02-01,Rio_Grande,-1.9
1994-02-01,San_Juan,-2.6
1994-03-01,Gunnison,-1.8
1994-03-01,Colorado,0.2
1994-03-01,South_Platte,1.9
1994-03-01,Yampa_White_N_Platte,-1.7
1994-03-01,Arkansas,-0.8
1994-03-01,Rio_Grande,-0.3
1994-03-01,San_Juan,-1.3
1994-04-01,Gunnison,-1.3
1994-04-01,Colorado,-0.6
1994-04-01,South_Platte,-1.4
1994-04-01,Yampa_White_N_Platte,-2.7
1994-04-01,Arkansas,-1.6
1994-04-01,Rio_Grande,-0.1
1994-04-01,San_Juan,-1.7
1994-05-01,Gunnison,0.1
1994-05-01,Colorado,0
1994-05-01,South_Platte,2.7
1994-05-01,Yampa_White_N_Platte,-1.5
1994-05-01,Arkansas,0.3
1994-05-01,Rio_Grande,1.7
1994-05-01,San_Juan,-0.3
1994-06-01,Gunnison,0.7
1994-06-01,Colorado,-0.4
1994-06-01,South_Platte,2.6
1994-06-01,Yampa_White_N_Platte,-2.9
1994-06-01,Arkansas,2.4
1994-06-01,Rio_Grande,1.5
1994-06-01,San_Juan,0.3
1994-07-01,Gunnison,0.1
1994-07-01,Colorado,-1.8
1994-07-01,South_Platte,2.2
1994-07-01,Yampa_White_N_Platte,-3.8
1994-07-01,Arkansas,1.7
1994-07-01,Rio_Grande,0.6
1994-07-01,San_Juan,0.2
1994-08-01,Gunnison,-2
1994-08-01,Colorado,-3
1994-08-01,South_Platte,0.2
1994-08-01,Yampa_White_N_Platte,-3.7
1994-08-01,Arkansas,-0.7
1994-08-01,Rio_Grande,-1.5
1994-08-01,San_Juan,-2.4
1994-09-01,Gunnison,-2.5
1994-09-01,Colorado,-2.3
1994-09-01,South_Platte,1.8
1994-09-01,Yampa_White_N_Platte,-3.6
1994-09-01,Arkansas,-0.3
1994-09-01,Rio_Grande,-1.9
1994-09-01,San_Juan,-2.5
1994-10-01,Gunnison,-1.6
1994-10-01,Colorado,-1.5
1994-10-01,South_Platte,1.8
1994-10-01,Yampa_White_N_Platte,-2.8
1994-10-01,Arkansas,-0.4
1994-10-01,Rio_Grande,0.9
1994-10-01,San_Juan,1.2
1994-11-01,Gunnison,0.8
1994-11-01,Colorado,-1.4
1994-11-01,South_Platte,1.9
1994-11-01,Yampa_White_N_Platte,-3
1994-11-01,Arkansas,2
1994-11-01,Rio_Grande,1.6
1994-11-01,San_Juan,1.4
1994-12-01,Gunnison,2.3
1994-12-01,Colorado,0.9
1994-12-01,South_Platte,0
1994-12-01,Yampa_White_N_Platte,0.8
1994-12-01,Arkansas,2.1
1994-12-01,Rio_Grande,3.1
1994-12-01,San_Juan,3.3
1995-01-01,Gunnison,1.7
1995-01-01,Colorado,-0.8
1995-01-01,South_Platte,-0.6
1995-01-01,Yampa_White_N_Platte,-0.9
1995-01-01,Arkansas,-0.7
1995-01-01,Rio_Grande,2
1995-01-01,San_Juan,1.6
1995-02-01,Gunnison,-0.1
1995-02-01,Colorado,-1.6
1995-02-01,South_Platte,-0.7
1995-02-01,Yampa_White_N_Platte,-1.9
1995-02-01,Arkansas,-0.9
1995-02-01,Rio_Grande,2.3
1995-02-01,San_Juan,1.3
1995-03-01,Gunnison,1.8
1995-03-01,Colorado,1.1
1995-03-01,South_Platte,0.6
1995-03-01,Yampa_White_N_Platte,0
1995-03-01,Arkansas,0.9
1995-03-01,Rio_Grande,3.1
1995-03-01,San_Juan,2.2
1995-04-01,Gunnison,2.9
1995-04-01,Colorado,1.5
1995-04-01,South_Platte,-0.1
1995-04-01,Yampa_White_N_Platte,-0.7
1995-04-01,Arkansas,1.9
1995-04-01,Rio_Grande,3.2
1995-04-01,San_Juan,2.6
1995-05-01,Gunnison,3.6
1995-05-01,Colorado,2.6
1995-05-01,South_Platte,0.8
1995-05-01,Yampa_White_N_Platte,-0.4
1995-05-01,Arkansas,3.2
1995-05-01,Rio_Grande,3.4
1995-05-01,San_Juan,2.4
1995-06-01,Gunnison,1.6
1995-06-01,Colorado,-1.5
1995-06-01,South_Platte,3.2
1995-06-01,Yampa_White_N_Platte,-2.3
1995-06-01,Arkansas,2.5
1995-06-01,Rio_Grande,-1.4
1995-06-01,San_Juan,-1.5
1995-07-01,Gunnison,3.8
1995-07-01,Colorado,2.7
1995-07-01,South_Platte,3.9
1995-07-01,Yampa_White_N_Platte,2.9
1995-07-01,Arkansas,1.2
1995-07-01,Rio_Grande,2.7
1995-07-01,San_Juan,2.9
1995-08-01,Gunnison,3
1995-08-01,Colorado,3.5
1995-08-01,South_Platte,3.4
1995-08-01,Yampa_White_N_Platte,3.7
1995-08-01,Arkansas,3.5
1995-08-01,Rio_Grande,3.5
1995-08-01,San_Juan,3.5
1995-09-01,Gunnison,3.4
1995-09-01,Colorado,3.8
1995-09-01,South_Platte,3.1
1995-09-01,Yampa_White_N_Platte,1.6
1995-09-01,Arkansas,2.8
1995-09-01,Rio_Grande,2.7
1995-09-01,San_Juan,3.3
1995-10-01,Gunnison,3.2
1995-10-01,Colorado,3.3
1995-10-01,South_Platte,3.8
1995-10-01,Yampa_White_N_Platte,1.4
1995-10-01,Arkansas,3.6
1995-10-01,Rio_Grande,2.1
1995-10-01,San_Juan,1.4
1995-11-01,Gunnison,3
1995-11-01,Colorado,2.5
1995-11-01,South_Platte,3.3
1995-11-01,Yampa_White_N_Platte,2.6
1995-11-01,Arkansas,2.7
1995-11-01,Rio_Grande,0.6
1995-11-01,San_Juan,0.1
1995-12-01,Gunnison,-2.8
1995-12-01,Colorado,2.3
1995-12-01,South_Platte,2.9
1995-12-01,Yampa_White_N_Platte,1.7
1995-12-01,Arkansas,0.8
1995-12-01,Rio_Grande,-3.7
1995-12-01,San_Juan,-3.2
1996-01-01,Gunnison,-2.3
1996-01-01,Colorado,1.7
1996-01-01,South_Platte,2.9
1996-01-01,Yampa_White_N_Platte,-0.7
1996-01-01,Arkansas,-0.5
1996-01-01,Rio_Grande,-3.5
1996-01-01,San_Juan,-2.7
1996-02-01,Gunnison,0.8
1996-02-01,Colorado,2.4
1996-02-01,South_Platte,3.5
1996-02-01,Yampa_White_N_Platte,2.8
1996-02-01,Arkansas,2.5
1996-02-01,Rio_Grande,-2.4
1996-02-01,San_Juan,-1.9
1996-03-01,Gunnison,1.7
1996-03-01,Colorado,1.9
1996-03-01,South_Platte,3.8
1996-03-01,Yampa_White_N_Platte,2.7
1996-03-01,Arkansas,2.4
1996-03-01,Rio_Grande,-1.7
1996-03-01,San_Juan,-1.7
1996-04-01,Gunnison,2.8
1996-04-01,Colorado,2.2
1996-04-01,South_Platte,3.6
1996-04-01,Yampa_White_N_Platte,3.4
1996-04-01,Arkansas,2.2
1996-04-01,Rio_Grande,-1.2
1996-04-01,San_Juan,-1.9
1996-05-01,Gunnison,1.7
1996-05-01,Colorado,1.1
1996-05-01,South_Platte,3.3
1996-05-01,Yampa_White_N_Platte,1.8
1996-05-01,Arkansas,1.9
1996-05-01,Rio_Grande,-2.2
1996-05-01,San_Juan,-2
1996-06-01,Gunnison,2.8
1996-06-01,Colorado,3.3
1996-06-01,South_Platte,3
1996-06-01,Yampa_White_N_Platte,2.8
1996-06-01,Arkansas,3.5
1996-06-01,Rio_Grande,-0.1
1996-06-01,San_Juan,0.2
1996-07-01,Gunnison,0.9
1996-07-01,Colorado,1.8
1996-07-01,South_Platte,3.2
1996-07-01,Yampa_White_N_Platte,1
1996-07-01,Arkansas,2.8
1996-07-01,Rio_Grande,-2.8
1996-07-01,San_Juan,-2.8
1996-08-01,Gunnison,-0.6
1996-08-01,Colorado,-0.9
1996-08-01,South_Platte,2.6
1996-08-01,Yampa_White_N_Platte,1
1996-08-01,Arkansas,0.8
1996-08-01,Rio_Grande,-2.5
1996-08-01,San_Juan,-2.6
1996-09-01,Gunnison,-0.7
1996-09-01,Colorado,-0.1
1996-09-01,South_Platte,2.8
1996-09-01,Yampa_White_N_Platte,-1.4
1996-09-01,Arkansas,-0.5
1996-09-01,Rio_Grande,-2.2
1996-09-01,San_Juan,-3.5
1996-10-01,Gunnison,0.5
1996-10-01,Colorado,2
1996-10-01,South_Platte,3.9
1996-10-01,Yampa_White_N_Platte,0.2
1996-10-01,Arkansas,0.6
1996-10-01,Rio_Grande,-1.6
1996-10-01,San_Juan,-1.3
1996-11-01,Gunnison,1.7
1996-11-01,Colorado,1.9
1996-11-01,South_Platte,3
1996-11-01,Yampa_White_N_Platte,0.3
1996-11-01,Arkansas,1.6
1996-11-01,Rio_Grande,0
1996-11-01,San_Juan,1.8
1996-12-01,Gunnison,2.9
1996-12-01,Colorado,2.6
1996-12-01,South_Platte,1.5
1996-12-01,Yampa_White_N_Platte,3.4
1996-12-01,Arkansas,1.6
1996-12-01,Rio_Grande,3.1
1996-12-01,San_Juan,3.2
1997-01-01,Gunnison,3.7
1997-01-01,Colorado,3.3
1997-01-01,South_Platte,2.6
1997-01-01,Yampa_White_N_Platte,3.1
1997-01-01,Arkansas,2.9
1997-01-01,Rio_Grande,2
1997-01-01,San_Juan,2.3
1997-02-01,Gunnison,3.8
1997-02-01,Colorado,3.3
1997-02-01,South_Platte,3
1997-02-01,Yampa_White_N_Platte,3.9
1997-02-01,Arkansas,3.3
1997-02-01,Rio_Grande,3.1
1997-02-01,San_Juan,3.4
1997-03-01,Gunnison,3.9
1997-03-01,Colorado,3.5
1997-03-01,South_Platte,3.2
1997-03-01,Yampa_White_N_Platte,3.8
1997-03-01,Arkansas,3.3
1997-03-01,Rio_Grande,3.5
1997-03-01,San_Juan,3.5
1997-04-01,Gunnison,3.6
1997-04-01,Colorado,2.7
1997-04-01,South_Platte,3
1997-04-01,Yampa_White_N_Platte,3.2
1997-04-01,Arkansas,2.6
1997-04-01,Rio_Grande,2.9
1997-04-01,San_Juan,2.9
1997-05-01,Gunnison,3.3
1997-05-01,Colorado,3.3
1997-05-01,South_Platte,3.2
1997-05-01,Yampa_White_N_Platte,3.3
1997-05-01,Arkansas,3.2
1997-05-01,Rio_Grande,2.8
1997-05-01,San_Juan,2.6
1997-06-01,Gunnison,2.8
1997-06-01,Colorado,3.2
1997-06-01,South_Platte,2.6
1997-06-01,Yampa_White_N_Platte,3.3
1997-06-01,Arkansas,2.5
1997-06-01,Rio_Grande,2.1
1997-06-01,San_Juan,2.6
1997-07-01,Gunnison,3.6
1997-07-01,Colorado,2.9
1997-07-01,South_Platte,3.7
1997-07-01,Yampa_White_N_Platte,2.9
1997-07-01,Arkansas,3.6
1997-07-01,Rio_Grande,2.3
1997-07-01,San_Juan,2.5
1997-08-01,Gunnison,2.3
1997-08-01,Colorado,1.6
1997-08-01,South_Platte,2.5
1997-08-01,Yampa_White_N_Platte,2.1
1997-08-01,Arkansas,2
1997-08-01,Rio_Grande,2.3
1997-08-01,San_Juan,2.6
1997-09-01,Gunnison,2.9
1997-09-01,Colorado,3.3
1997-09-01,South_Platte,4
1997-09-01,Yampa_White_N_Platte,3.8
1997-09-01,Arkansas,2.9
1997-09-01,Rio_Grande,2.6
1997-09-01,San_Juan,3.7
1997-10-01,Gunnison,2.7
1997-10-01,Colorado,3.7
1997-10-01,South_Platte,3.9
1997-10-01,Yampa_White_N_Platte,4.2
1997-10-01,Arkansas,2.3
1997-10-01,Rio_Grande,3.6
1997-10-01,San_Juan,3.8
1997-11-01,Gunnison,2.8
1997-11-01,Colorado,3.8
1997-11-01,South_Platte,3.9
1997-11-01,Yampa_White_N_Platte,3.8
1997-11-01,Arkansas,2.5
1997-11-01,Rio_Grande,3.7
1997-11-01,San_Juan,3.2
1997-12-01,Gunnison,1.2
1997-12-01,Colorado,1.8
1997-12-01,South_Platte,2
1997-12-01,Yampa_White_N_Platte,-0.6
1997-12-01,Arkansas,2.6
1997-12-01,Rio_Grande,0.1
1997-12-01,San_Juan,-0.7
1998-01-01,Gunnison,-0.4
1998-01-01,Colorado,0.1
1998-01-01,South_Platte,3
1998-01-01,Yampa_White_N_Platte,-2.9
1998-01-01,Arkansas,0.8
1998-01-01,Rio_Grande,-0.9
1998-01-01,San_Juan,-0.3
1998-02-01,Gunnison,-0.3
1998-02-01,Colorado,-0.1
1998-02-01,South_Platte,2.3
1998-02-01,Yampa_White_N_Platte,-2
1998-02-01,Arkansas,0.2
1998-02-01,Rio_Grande,-1
1998-02-01,San_Juan,-1.7
1998-03-01,Gunnison,-0.8
1998-03-01,Colorado,-0.3
1998-03-01,South_Platte,2.1
1998-03-01,Yampa_White_N_Platte,-2.2
1998-03-01,Arkansas,-0.8
1998-03-01,Rio_Grande,-0.8
1998-03-01,San_Juan,-1.5
1998-04-01,Gunnison,1.2
1998-04-01,Colorado,-0.5
1998-04-01,South_Platte,2.1
1998-04-01,Yampa_White_N_Platte,-2.4
1998-04-01,Arkansas,1.1
1998-04-01,Rio_Grande,0.5
1998-04-01,San_Juan,-0.5
1998-05-01,Gunnison,2
1998-05-01,Colorado,0.1
1998-05-01,South_Platte,2.2
1998-05-01,Yampa_White_N_Platte,-1.6
1998-05-01,Arkansas,0.1
1998-05-01,Rio_Grande,1.7
1998-05-01,San_Juan,0.1
1998-06-01,Gunnison,0.6
1998-06-01,Colorado,1.1
1998-06-01,South_Platte,3.2
1998-06-01,Yampa_White_N_Platte,2.2
1998-06-01,Arkansas,-0.7
1998-06-01,Rio_Grande,0.5
1998-06-01,San_Juan,0.9
1998-07-01,Gunnison,-1
1998-07-01,Colorado,-1.6
1998-07-01,South_Platte,2.5
1998-07-01,Yampa_White_N_Platte,1
1998-07-01,Arkansas,0.1
1998-07-01,Rio_Grande,-1
1998-07-01,San_Juan,-0.7
1998-08-01,Gunnison,0.5
1998-08-01,Colorado,0.9
1998-08-01,South_Platte,3
1998-08-01,Yampa_White_N_Platte,2.4
1998-08-01,Arkansas,1.1
1998-08-01,Rio_Grande,-0.3
1998-08-01,San_Juan,1.1
1998-09-01,Gunnison,-1.4
1998-09-01,Colorado,3.2
1998-09-01,South_Platte,3.4
1998-09-01,Yampa_White_N_Platte,2.7
1998-09-01,Arkansas,1.3
1998-09-01,Rio_Grande,-0.1
1998-09-01,San_Juan,0.1
1998-10-01,Gunnison,0.9
1998-10-01,Colorado,1.7
1998-10-01,South_Platte,2.9
1998-10-01,Yampa_White_N_Platte,1.8
1998-10-01,Arkansas,0.4
1998-10-01,Rio_Grande,0.4
1998-10-01,San_Juan,-0.4
1998-11-01,Gunnison,0.5
1998-11-01,Colorado,1.9
1998-11-01,South_Platte,3.2
1998-11-01,Yampa_White_N_Platte,2.8
1998-11-01,Arkansas,1.8
1998-11-01,Rio_Grande,1.2
1998-11-01,San_Juan,0.5
1998-12-01,Gunnison,1.1
1998-12-01,Colorado,0.2
1998-12-01,South_Platte,-2.2
1998-12-01,Yampa_White_N_Platte,-1.8
1998-12-01,Arkansas,0.4
1998-12-01,Rio_Grande,3
1998-12-01,San_Juan,2.8
1999-01-01,Gunnison,-0.9
1999-01-01,Colorado,-0.6
1999-01-01,South_Platte,1
1999-01-01,Yampa_White_N_Platte,-3.4
1999-01-01,Arkansas,-1.1
1999-01-01,Rio_Grande,1.5
1999-01-01,San_Juan,-0.9
1999-02-01,Gunnison,0.3
1999-02-01,Colorado,-0.4
1999-02-01,South_Platte,1.6
1999-02-01,Yampa_White_N_Platte,-2.4
1999-02-01,Arkansas,0.6
1999-02-01,Rio_Grande,0.9
1999-02-01,San_Juan,0.4
1999-03-01,Gunnison,-0.2
1999-03-01,Colorado,0
1999-03-01,South_Platte,1.7
1999-03-01,Yampa_White_N_Platte,-0.1
1999-03-01,Arkansas,0.2
1999-03-01,Rio_Grande,0.5
1999-03-01,San_Juan,0
1999-04-01,Gunnison,-1.2
1999-04-01,Colorado,-0.7
1999-04-01,South_Platte,0.9
1999-04-01,Yampa_White_N_Platte,-2.1
1999-04-01,Arkansas,-1.1
1999-04-01,Rio_Grande,-1.6
1999-04-01,San_Juan,-1.6
1999-05-01,Gunnison,1.1
1999-05-01,Colorado,1
1999-05-01,South_Platte,2.4
1999-05-01,Yampa_White_N_Platte,-0.3
1999-05-01,Arkansas,1.1
1999-05-01,Rio_Grande,1.2
1999-05-01,San_Juan,0.4
1999-06-01,Gunnison,0.7
1999-06-01,Colorado,-0.6
1999-06-01,South_Platte,3.7
1999-06-01,Yampa_White_N_Platte,-0.6
1999-06-01,Arkansas,0.7
1999-06-01,Rio_Grande,0.3
1999-06-01,San_Juan,0.4
1999-07-01,Gunnison,1.6
1999-07-01,Colorado,1.2
1999-07-01,South_Platte,3.5
1999-07-01,Yampa_White_N_Platte,0.8
1999-07-01,Arkansas,2.5
1999-07-01,Rio_Grande,1.9
1999-07-01,San_Juan,1.5
1999-08-01,Gunnison,1.9
1999-08-01,Colorado,1.5
1999-08-01,South_Platte,3
1999-08-01,Yampa_White_N_Platte,0.4
1999-08-01,Arkansas,2
1999-08-01,Rio_Grande,2.5
1999-08-01,San_Juan,2.8
1999-09-01,Gunnison,1.9
1999-09-01,Colorado,2.9
1999-09-01,South_Platte,3.8
1999-09-01,Yampa_White_N_Platte,1.6
1999-09-01,Arkansas,3.2
1999-09-01,Rio_Grande,3.3
1999-09-01,San_Juan,3.5
1999-10-01,Gunnison,1.8
1999-10-01,Colorado,2.8
1999-10-01,South_Platte,3.6
1999-10-01,Yampa_White_N_Platte,1
1999-10-01,Arkansas,2.5
1999-10-01,Rio_Grande,2.4
1999-10-01,San_Juan,3.7
1999-11-01,Gunnison,1.5
1999-11-01,Colorado,2.6
1999-11-01,South_Platte,3.5
1999-11-01,Yampa_White_N_Platte,0
1999-11-01,Arkansas,2.1
1999-11-01,Rio_Grande,2
1999-11-01,San_Juan,0.8
1999-12-01,Gunnison,-3.7
1999-12-01,Colorado,-3.1
1999-12-01,South_Platte,0.8
1999-12-01,Yampa_White_N_Platte,-3.5
1999-12-01,Arkansas,-2.7
1999-12-01,Rio_Grande,-3.7
1999-12-01,San_Juan,-3.3
2000-01-01,Gunnison,-3.3
2000-01-01,Colorado,-2.1
2000-01-01,South_Platte,0.9
2000-01-01,Yampa_White_N_Platte,-2.5
2000-01-01,Arkansas,-2.6
2000-01-01,Rio_Grande,-3.7
2000-01-01,San_Juan,-3.3
2000-02-01,Gunnison,-2.3
2000-02-01,Colorado,-1.1
2000-02-01,South_Platte,1.1
2000-02-01,Yampa_White_N_Platte,-0.6
2000-02-01,Arkansas,-1.1
2000-02-01,Rio_Grande,-3.5
2000-02-01,San_Juan,-2.9
2000-03-01,Gunnison,-1.8
2000-03-01,Colorado,-0.9
2000-03-01,South_Platte,1.6
2000-03-01,Yampa_White_N_Platte,-0.7
2000-03-01,Arkansas,-1.2
2000-03-01,Rio_Grande,-2.7
2000-03-01,San_Juan,-2.5
2000-04-01,Gunnison,-0.3
2000-04-01,Colorado,-0.3
2000-04-01,South_Platte,2
2000-04-01,Yampa_White_N_Platte,-0.6
2000-04-01,Arkansas,-0.3
2000-04-01,Rio_Grande,-1.4
2000-04-01,San_Juan,-1.4
2000-05-01,Gunnison,1.1
2000-05-01,Colorado,1
2000-05-01,South_Platte,2.4
2000-05-01,Yampa_White_N_Platte,-0.3
2000-05-01,Arkansas,1.1
2000-05-01,Rio_Grande,1.2
2000-05-01,San_Juan,0.4
2000-06-01,Gunnison,1
2000-06-01,Colorado,-0.2
2000-06-01,South_Platte,1.3
2000-06-01,Yampa_White_N_Platte,1.1
2000-06-01,Arkansas,2.2
2000-06-01,Rio_Grande,-1.9
2000-06-01,San_Juan,0.2
2000-07-01,Gunnison,-1.4
2000-07-01,Colorado,-0.9
2000-07-01,South_Platte,1.5
2000-07-01,Yampa_White_N_Platte,-2.6
2000-07-01,Arkansas,0.9
2000-07-01,Rio_Grande,-3.1
2000-07-01,San_Juan,-1.7
2000-08-01,Gunnison,-1.7
2000-08-01,Colorado,-2.2
2000-08-01,South_Platte,1.6
2000-08-01,Yampa_White_N_Platte,-2.8
2000-08-01,Arkansas,0.2
2000-08-01,Rio_Grande,-3.4
2000-08-01,San_Juan,-3.2
2000-09-01,Gunnison,-2.2
2000-09-01,Colorado,-0.6
2000-09-01,South_Platte,1.9
2000-09-01,Yampa_White_N_Platte,-2.2
2000-09-01,Arkansas,0.2
2000-09-01,Rio_Grande,-2.3
2000-09-01,San_Juan,-2.7
2000-10-01,Gunnison,-2
2000-10-01,Colorado,0.8
2000-10-01,South_Platte,2.5
2000-10-01,Yampa_White_N_Platte,0.8
2000-10-01,Arkansas,0.1
2000-10-01,Rio_Grande,-2.4
2000-10-01,San_Juan,-1.6
2000-11-01,Gunnison,-1.7
2000-11-01,Colorado,-0.3
2000-11-01,South_Platte,-1.4
2000-11-01,Yampa_White_N_Platte,-1
2000-11-01,Arkansas,0.4
2000-11-01,Rio_Grande,-1
2000-11-01,San_Juan,-0.6
2000-12-01,Gunnison,-1.8
2000-12-01,Colorado,-1.8
2000-12-01,South_Platte,-1.7
2000-12-01,Yampa_White_N_Platte,-1.4
2000-12-01,Arkansas,-1.8
2000-12-01,Rio_Grande,1.4
2000-12-01,San_Juan,0.5
2001-01-01,Gunnison,-1.3
2001-01-01,Colorado,-0.5
2001-01-01,South_Platte,-0.8
2001-01-01,Yampa_White_N_Platte,0.5
2001-01-01,Arkansas,-1
2001-01-01,Rio_Grande,1
2001-01-01,San_Juan,-0.6
2001-02-01,Gunnison,-1.8
2001-02-01,Colorado,-2.3
2001-02-01,South_Platte,-0.9
2001-02-01,Yampa_White_N_Platte,-2
2001-02-01,Arkansas,-1.5
2001-02-01,Rio_Grande,0.8
2001-02-01,San_Juan,-0.6
2001-03-01,Gunnison,-1.6
2001-03-01,Colorado,-2.2
2001-03-01,South_Platte,-1
2001-03-01,Yampa_White_N_Platte,-2.5
2001-03-01,Arkansas,-1.6
2001-03-01,Rio_Grande,1.3
2001-03-01,San_Juan,1.7
2001-04-01,Gunnison,-1.6
2001-04-01,Colorado,-1.8
2001-04-01,South_Platte,-0.2
2001-04-01,Yampa_White_N_Platte,-3
2001-04-01,Arkansas,-2
2001-04-01,Rio_Grande,1.4
2001-04-01,San_Juan,-0.3
2001-05-01,Gunnison,-1.5
2001-05-01,Colorado,-1.7
2001-05-01,South_Platte,0.1
2001-05-01,Yampa_White_N_Platte,-2.8
2001-05-01,Arkansas,-1.6
2001-05-01,Rio_Grande,0.9
2001-05-01,San_Juan,-0.2
2001-06-01,Gunnison,0.9
2001-06-01,Colorado,-0.9
2001-06-01,South_Platte,2.3
2001-06-01,Yampa_White_N_Platte,-0.9
2001-06-01,Arkansas,2.7
2001-06-01,Rio_Grande,3
2001-06-01,San_Juan,2.8
2001-07-01,Gunnison,-1.4
2001-07-01,Colorado,-3
2001-07-01,South_Platte,0.6
2001-07-01,Yampa_White_N_Platte,-3.3
2001-07-01,Arkansas,0.1
2001-07-01,Rio_Grande,-1.6
2001-07-01,San_Juan,-1
2001-08-01,Gunnison,-1.2
2001-08-01,Colorado,-2.7
2001-08-01,South_Platte,1.6
2001-08-01,Yampa_White_N_Platte,-2.2
2001-08-01,Arkansas,0.3
2001-08-01,Rio_Grande,0.1
2001-08-01,San_Juan,-0.7
2001-09-01,Gunnison,-1.7
2001-09-01,Colorado,-0.6
2001-09-01,South_Platte,0.9
2001-09-01,Yampa_White_N_Platte,-1.4
2001-09-01,Arkansas,0.2
2001-09-01,Rio_Grande,0.5
2001-09-01,San_Juan,1.3
2001-10-01,Gunnison,-2.5
2001-10-01,Colorado,-0.9
2001-10-01,South_Platte,1.5
2001-10-01,Yampa_White_N_Platte,-2.3
2001-10-01,Arkansas,-0.1
2001-10-01,Rio_Grande,-0.5
2001-10-01,San_Juan,-1.1
2001-11-01,Gunnison,-2.2
2001-11-01,Colorado,-1.3
2001-11-01,South_Platte,0.4
2001-11-01,Yampa_White_N_Platte,-1.7
2001-11-01,Arkansas,-0.5
2001-11-01,Rio_Grande,-1.9
2001-11-01,San_Juan,-2.6
2001-12-01,Gunnison,-1.2
2001-12-01,Colorado,-1.8
2001-12-01,South_Platte,-2.4
2001-12-01,Yampa_White_N_Platte,-1.8
2001-12-01,Arkansas,-2
2001-12-01,Rio_Grande,-2.8
2001-12-01,San_Juan,-1.1
2002-01-01,Gunnison,-1.5
2002-01-01,Colorado,-2.2
2002-01-01,South_Platte,-1.6
2002-01-01,Yampa_White_N_Platte,-2.5
2002-01-01,Arkansas,-2
2002-01-01,Rio_Grande,-2.1
2002-01-01,San_Juan,-1.6
2002-02-01,Gunnison,-2.3
2002-02-01,Colorado,-2.6
2002-02-01,South_Platte,-1.9
2002-02-01,Yampa_White_N_Platte,-2.8
2002-02-01,Arkansas,-2.2
2002-02-01,Rio_Grande,-2.7
2002-02-01,San_Juan,-2.6
2002-03-01,Gunnison,-2.7
2002-03-01,Colorado,-2.8
2002-03-01,South_Platte,-2
2002-03-01,Yampa_White_N_Platte,-3.2
2002-03-01,Arkansas,-2.5
2002-03-01,Rio_Grande,-3.1
2002-03-01,San_Juan,-3.1
2002-04-01,Gunnison,-2.8
2002-04-01,Colorado,-2.6
2002-04-01,South_Platte,-1.9
2002-04-01,Yampa_White_N_Platte,-3.5
2002-04-01,Arkansas,-2.8
2002-04-01,Rio_Grande,-3.1
2002-04-01,San_Juan,-3.5
2002-05-01,Gunnison,-3.1
2002-05-01,Colorado,-3
2002-05-01,South_Platte,-2.5
2002-05-01,Yampa_White_N_Platte,-3.9
2002-05-01,Arkansas,-2.9
2002-05-01,Rio_Grande,-3.6
2002-05-01,San_Juan,-3.7
2002-06-01,Gunnison,-2.5
2002-06-01,Colorado,-3.7
2002-06-01,South_Platte,-1.5
2002-06-01,Yampa_White_N_Platte,-4
2002-06-01,Arkansas,-1.5
2002-06-01,Rio_Grande,-3.7
2002-06-01,San_Juan,-4.1
2002-07-01,Gunnison,-3.9
2002-07-01,Colorado,-4.1
2002-07-01,South_Platte,-3.2
2002-07-01,Yampa_White_N_Platte,-4.1
2002-07-01,Arkansas,-1.7
2002-07-01,Rio_Grande,-3.9
2002-07-01,San_Juan,-4.1
2002-08-01,Gunnison,-3.5
2002-08-01,Colorado,-3.8
2002-08-01,South_Platte,-2.9
2002-08-01,Yampa_White_N_Platte,-3.6
2002-08-01,Arkansas,-1.4
2002-08-01,Rio_Grande,-3.8
2002-08-01,San_Juan,-4.1
2002-09-01,Gunnison,-3.8
2002-09-01,Colorado,-3.8
2002-09-01,South_Platte,-3.2
2002-09-01,Yampa_White_N_Platte,-3.8
2002-09-01,Arkansas,-1.9
2002-09-01,Rio_Grande,-3.6
2002-09-01,San_Juan,-4.1
2002-10-01,Gunnison,-2.9
2002-10-01,Colorado,-3.4
2002-10-01,South_Platte,-2.6
2002-10-01,Yampa_White_N_Platte,-3
2002-10-01,Arkansas,-1
2002-10-01,Rio_Grande,-3.2
2002-10-01,San_Juan,-2.2
2002-11-01,Gunnison,-2.8
2002-11-01,Colorado,-3.5
2002-11-01,South_Platte,-2.2
2002-11-01,Yampa_White_N_Platte,-3.2
2002-11-01,Arkansas,-2.5
2002-11-01,Rio_Grande,-2.9
2002-11-01,San_Juan,-1.2
2002-12-01,Gunnison,0.8
2002-12-01,Colorado,1
2002-12-01,South_Platte,-2.4
2002-12-01,Yampa_White_N_Platte,0.9
2002-12-01,Arkansas,1.1
2002-12-01,Rio_Grande,-0.5
2002-12-01,San_Juan,0.5
2003-01-01,Gunnison,0
2003-01-01,Colorado,-0.1
2003-01-01,South_Platte,-2.7
2003-01-01,Yampa_White_N_Platte,-0.8
2003-01-01,Arkansas,-0.7
2003-01-01,Rio_Grande,-0.8
2003-01-01,San_Juan,-0.7
2003-02-01,Gunnison,-1.9
2003-02-01,Colorado,-1.8
2003-02-01,South_Platte,-3
2003-02-01,Yampa_White_N_Platte,-2.1
2003-02-01,Arkansas,-2
2003-02-01,Rio_Grande,-2
2003-02-01,San_Juan,-2.3
2003-03-01,Gunnison,-1.4
2003-03-01,Colorado,-1
2003-03-01,South_Platte,-2.6
2003-03-01,Yampa_White_N_Platte,-1.8
2003-03-01,Arkansas,-2.3
2003-03-01,Rio_Grande,-1
2003-03-01,San_Juan,-1.4
2003-04-01,Gunnison,-0.5
2003-04-01,Colorado,0.7
2003-04-01,South_Platte,-1.4
2003-04-01,Yampa_White_N_Platte,-1.5
2003-04-01,Arkansas,-0.4
2003-04-01,Rio_Grande,-1.1
2003-04-01,San_Juan,-1.8
2003-05-01,Gunnison,-1.7
2003-05-01,Colorado,0.4
2003-05-01,South_Platte,-0.6
2003-05-01,Yampa_White_N_Platte,-1.3
2003-05-01,Arkansas,-1.8
2003-05-01,Rio_Grande,-3.2
2003-05-01,San_Juan,-3
2003-06-01,Gunnison,-0.4
2003-06-01,Colorado,-1.5
2003-06-01,South_Platte,-0.9
2003-06-01,Yampa_White_N_Platte,0.8
2003-06-01,Arkansas,-2
2003-06-01,Rio_Grande,-2.3
2003-06-01,San_Juan,-1.3
2003-07-01,Gunnison,-2.4
2003-07-01,Colorado,-1.6
2003-07-01,South_Platte,0.4
2003-07-01,Yampa_White_N_Platte,0
2003-07-01,Arkansas,-0.9
2003-07-01,Rio_Grande,-3.4
2003-07-01,San_Juan,-2.6
2003-08-01,Gunnison,-2.7
2003-08-01,Colorado,-2.2
2003-08-01,South_Platte,-0.3
2003-08-01,Yampa_White_N_Platte,-2
2003-08-01,Arkansas,-1.8
2003-08-01,Rio_Grande,-3.5
2003-08-01,San_Juan,-3.6
2003-09-01,Gunnison,-3.1
2003-09-01,Colorado,-1.4
2003-09-01,South_Platte,0.4
2003-09-01,Yampa_White_N_Platte,-3
2003-09-01,Arkansas,-2.2
2003-09-01,Rio_Grande,-3.2
2003-09-01,San_Juan,-2.2
2003-10-01,Gunnison,-2.4
2003-10-01,Colorado,1
2003-10-01,South_Platte,1.2
2003-10-01,Yampa_White_N_Platte,-1.3
2003-10-01,Arkansas,-0.8
2003-10-01,Rio_Grande,0.8
2003-10-01,San_Juan,2.3
2003-11-01,Gunnison,-3.4
2003-11-01,Colorado,0.1
2003-11-01,South_Platte,-0.3
2003-11-01,Yampa_White_N_Platte,-3.2
2003-11-01,Arkansas,-1.8
2003-11-01,Rio_Grande,-2
2003-11-01,San_Juan,-1.7
2003-12-01,Gunnison,-1.2
2003-12-01,Colorado,-1.1
2003-12-01,South_Platte,-2.2
2003-12-01,Yampa_White_N_Platte,2.5
2003-12-01,Arkansas,-2
2003-12-01,Rio_Grande,0.8
2003-12-01,San_Juan,0.5
2004-01-01,Gunnison,-0.2
2004-01-01,Colorado,-1.1
2004-01-01,South_Platte,-0.8
2004-01-01,Yampa_White_N_Platte,0.9
2004-01-01,Arkansas,-1.8
2004-01-01,Rio_Grande,0.4
2004-01-01,San_Juan,0.6
2004-02-01,Gunnison,-0.8
2004-02-01,Colorado,-2.1
2004-02-01,South_Platte,-1.4
2004-02-01,Yampa_White_N_Platte,-1.3
2004-02-01,Arkansas,-1.9
2004-02-01,Rio_Grande,0.4
2004-02-01,San_Juan,0.2
2004-03-01,Gunnison,-0.3
2004-03-01,Colorado,-2.2
2004-03-01,South_Platte,-1.2
2004-03-01,Yampa_White_N_Platte,-1.7
2004-03-01,Arkansas,-2
2004-03-01,Rio_Grande,1
2004-03-01,San_Juan,1.1
2004-04-01,Gunnison,-1.6
2004-04-01,Colorado,-2.6
2004-04-01,South_Platte,-1.7
2004-04-01,Yampa_White_N_Platte,-3.3
2004-04-01,Arkansas,-3.3
2004-04-01,Rio_Grande,-0.9
2004-04-01,San_Juan,-0.5
2004-05-01,Gunnison,0.5
2004-05-01,Colorado,-2.1
2004-05-01,South_Platte,0.5
2004-05-01,Yampa_White_N_Platte,-3.1
2004-05-01,Arkansas,-2.1
2004-05-01,Rio_Grande,0.8
2004-05-01,San_Juan,0.8
2004-06-01,Gunnison,0
2004-06-01,Colorado,-1.8
2004-06-01,South_Platte,-0.2
2004-06-01,Yampa_White_N_Platte,-3.2
2004-06-01,Arkansas,-2.4
2004-06-01,Rio_Grande,0.8
2004-06-01,San_Juan,0.7
2004-07-01,Gunnison,-2.2
2004-07-01,Colorado,-3
2004-07-01,South_Platte,-0.6
2004-07-01,Yampa_White_N_Platte,-3.3
2004-07-01,Arkansas,-2.2
2004-07-01,Rio_Grande,-1.4
2004-07-01,San_Juan,-1.4
2004-08-01,Gunnison,-1.8
2004-08-01,Colorado,-2.9
2004-08-01,South_Platte,0.9
2004-08-01,Yampa_White_N_Platte,-2.3
2004-08-01,Arkansas,-1.7
2004-08-01,Rio_Grande,-2.1
2004-08-01,San_Juan,-1.8
2004-09-01,Gunnison,-3.3
2004-09-01,Colorado,-3
2004-09-01,South_Platte,1.1
2004-09-01,Yampa_White_N_Platte,-3.4
2004-09-01,Arkansas,-2.2
2004-09-01,Rio_Grande,-3
2004-09-01,San_Juan,-2.9
2004-10-01,Gunnison,-1.9
2004-10-01,Colorado,-0.7
2004-10-01,South_Platte,1.6
2004-10-01,Yampa_White_N_Platte,-1.1
2004-10-01,Arkansas,-1.6
2004-10-01,Rio_Grande,1.3
2004-10-01,San_Juan,1.9
2004-11-01,Gunnison,-1
2004-11-01,Colorado,0.7
2004-11-01,South_Platte,1.5
2004-11-01,Yampa_White_N_Platte,0.7
2004-11-01,Arkansas,-0.8
2004-11-01,Rio_Grande,0.1
2004-11-01,San_Juan,1.5
2004-12-01,Gunnison,2.4
2004-12-01,Colorado,0.5
2004-12-01,South_Platte,-0.3
2004-12-01,Yampa_White_N_Platte,-0.2
2004-12-01,Arkansas,0.4
2004-12-01,Rio_Grande,1.3
2004-12-01,San_Juan,1.8
2005-01-01,Gunnison,1.7
2005-01-01,Colorado,0.2
2005-01-01,South_Platte,0.6
2005-01-01,Yampa_White_N_Platte,-1.2
2005-01-01,Arkansas,-0.3
2005-01-01,Rio_Grande,1.3
2005-01-01,San_Juan,0.8
2005-02-01,Gunnison,1.7
2005-02-01,Colorado,-1.2
2005-02-01,South_Platte,0.6
2005-02-01,Yampa_White_N_Platte,-1.1
2005-02-01,Arkansas,-0.3
2005-02-01,Rio_Grande,2.2
2005-02-01,San_Juan,1.9
2005-03-01,Gunnison,2.6
2005-03-01,Colorado,-0.9
2005-03-01,South_Platte,-0.4
2005-03-01,Yampa_White_N_Platte,-2.2
2005-03-01,Arkansas,-0.3
2005-03-01,Rio_Grande,3.1
2005-03-01,San_Juan,2.9
2005-04-01,Gunnison,2.6
2005-04-01,Colorado,-0.4
2005-04-01,South_Platte,-0.3
2005-04-01,Yampa_White_N_Platte,-2.2
2005-04-01,Arkansas,-1.3
2005-04-01,Rio_Grande,3.2
2005-04-01,San_Juan,2.3
2005-05-01,Gunnison,2.7
2005-05-01,Colorado,-0.1
2005-05-01,South_Platte,-0.2
2005-05-01,Yampa_White_N_Platte,-2.3
2005-05-01,Arkansas,-1.4
2005-05-01,Rio_Grande,2.7
2005-05-01,San_Juan,1.5
2005-06-01,Gunnison,0.8
2005-06-01,Colorado,-0.4
2005-06-01,South_Platte,1.9
2005-06-01,Yampa_White_N_Platte,-0.2
2005-06-01,Arkansas,-1.6
2005-06-01,Rio_Grande,3.1
2005-06-01,San_Juan,3.2
2005-07-01,Gunnison,0.1
2005-07-01,Colorado,-0.1
2005-07-01,South_Platte,1.8
2005-07-01,Yampa_White_N_Platte,0.9
2005-07-01,Arkansas,-1.3
2005-07-01,Rio_Grande,1.8
2005-07-01,San_Juan,1.6
2005-08-01,Gunnison,-0.1
2005-08-01,Colorado,0.5
2005-08-01,South_Platte,0.9
2005-08-01,Yampa_White_N_Platte,0
2005-08-01,Arkansas,-1.5
2005-08-01,Rio_Grande,0.9
2005-08-01,San_Juan,1.7
2005-09-01,Gunnison,-1.1
2005-09-01,Colorado,0.1
2005-09-01,South_Platte,2.5
2005-09-01,Yampa_White_N_Platte,-0.4
2005-09-01,Arkansas,-1
2005-09-01,Rio_Grande,-0.7
2005-09-01,San_Juan,0.8
2005-10-01,Gunnison,-1.3
2005-10-01,Colorado,1.6
2005-10-01,South_Platte,1.8
2005-10-01,Yampa_White_N_Platte,-1.8
2005-10-01,Arkansas,-1.5
2005-10-01,Rio_Grande,-0.1
2005-10-01,San_Juan,0
2005-11-01,Gunnison,0.1
2005-11-01,Colorado,1.6
2005-11-01,South_Platte,2.9
2005-11-01,Yampa_White_N_Platte,0.5
2005-11-01,Arkansas,0.6
2005-11-01,Rio_Grande,3.3
2005-11-01,San_Juan,3.6
2005-12-01,Gunnison,-1.8
2005-12-01,Colorado,2.7
2005-12-01,South_Platte,1
2005-12-01,Yampa_White_N_Platte,0.1
2005-12-01,Arkansas,2.3
2005-12-01,Rio_Grande,-2.9
2005-12-01,San_Juan,-1.7
2006-01-01,Gunnison,2
2006-01-01,Colorado,3.6
2006-01-01,South_Platte,1.9
2006-01-01,Yampa_White_N_Platte,3.5
2006-01-01,Arkansas,3.3
2006-01-01,Rio_Grande,-2.7
2006-01-01,San_Juan,-1.7
2006-02-01,Gunnison,1.2
2006-02-01,Colorado,2.5
2006-02-01,South_Platte,1.7
2006-02-01,Yampa_White_N_Platte,2.5
2006-02-01,Arkansas,2.9
2006-02-01,Rio_Grande,-2.5
2006-02-01,San_Juan,-1.9
2006-03-01,Gunnison,0.1
2006-03-01,Colorado,2.1
2006-03-01,South_Platte,1.3
2006-03-01,Yampa_White_N_Platte,0.9
2006-03-01,Arkansas,1.6
2006-03-01,Rio_Grande,-2.8
2006-03-01,San_Juan,-2.3
2006-04-01,Gunnison,0.7
2006-04-01,Colorado,1.6
2006-04-01,South_Platte,0.5
2006-04-01,Yampa_White_N_Platte,0.8
2006-04-01,Arkansas,0.5
2006-04-01,Rio_Grande,-1.5
2006-04-01,San_Juan,-1.3
2006-05-01,Gunnison,-0.3
2006-05-01,Colorado,0.6
2006-05-01,South_Platte,-0.1
2006-05-01,Yampa_White_N_Platte,0.7
2006-05-01,Arkansas,-0.9
2006-05-01,Rio_Grande,-1.7
2006-05-01,San_Juan,-1.7
2006-06-01,Gunnison,1.8
2006-06-01,Colorado,1.7
2006-06-01,South_Platte,0.8
2006-06-01,Yampa_White_N_Platte,3.1
2006-06-01,Arkansas,0.1
2006-06-01,Rio_Grande,-0.4
2006-06-01,San_Juan,-0.1
2006-07-01,Gunnison,0
2006-07-01,Colorado,-1.4
2006-07-01,South_Platte,-0.5
2006-07-01,Yampa_White_N_Platte,-1.3
2006-07-01,Arkansas,-1.6
2006-07-01,Rio_Grande,-0.8
2006-07-01,San_Juan,-2.7
2006-08-01,Gunnison,0.6
2006-08-01,Colorado,-1.1
2006-08-01,South_Platte,1.4
2006-08-01,Yampa_White_N_Platte,-0.6
2006-08-01,Arkansas,-1.5
2006-08-01,Rio_Grande,-1.8
2006-08-01,San_Juan,-1.9
2006-09-01,Gunnison,-0.9
2006-09-01,Colorado,0
2006-09-01,South_Platte,0.8
2006-09-01,Yampa_White_N_Platte,-0.7
2006-09-01,Arkansas,-0.3
2006-09-01,Rio_Grande,0.7
2006-09-01,San_Juan,1
2006-10-01,Gunnison,-0.8
2006-10-01,Colorado,1.3
2006-10-01,South_Platte,1.3
2006-10-01,Yampa_White_N_Platte,0.3
2006-10-01,Arkansas,0.4
2006-10-01,Rio_Grande,2.1
2006-10-01,San_Juan,1.6
2006-11-01,Gunnison,2.2
2006-11-01,Colorado,1.4
2006-11-01,South_Platte,1.5
2006-11-01,Yampa_White_N_Platte,3.4
2006-11-01,Arkansas,2.2
2006-11-01,Rio_Grande,3.8
2006-11-01,San_Juan,3.9
2006-12-01,Gunnison,1.6
2006-12-01,Colorado,2.6
2006-12-01,South_Platte,0
2006-12-01,Yampa_White_N_Platte,2.9
2006-12-01,Arkansas,2.4
2006-12-01,Rio_Grande,0.3
2006-12-01,San_Juan,0.7
2007-01-01,Gunnison,0.5
2007-01-01,Colorado,2.3
2007-01-01,South_Platte,1.1
2007-01-01,Yampa_White_N_Platte,0.4
2007-01-01,Arkansas,1.4
2007-01-01,Rio_Grande,0.3
2007-01-01,San_Juan,0.2
2007-02-01,Gunnison,-1.1
2007-02-01,Colorado,0.6
2007-02-01,South_Platte,0.9
2007-02-01,Yampa_White_N_Platte,-1.9
2007-02-01,Arkansas,0
2007-02-01,Rio_Grande,0.8
2007-02-01,San_Juan,-0.3
2007-03-01,Gunnison,-0.9
2007-03-01,Colorado,0.4
2007-03-01,South_Platte,0.9
2007-03-01,Yampa_White_N_Platte,-1.3
2007-03-01,Arkansas,-0.7
2007-03-01,Rio_Grande,0.5
2007-03-01,San_Juan,-0.2
2007-04-01,Gunnison,-1.5
2007-04-01,Colorado,0
2007-04-01,South_Platte,1.2
2007-04-01,Yampa_White_N_Platte,-2.8
2007-04-01,Arkansas,-1.6
2007-04-01,Rio_Grande,-0.2
2007-04-01,San_Juan,-1
2007-05-01,Gunnison,-1.1
2007-05-01,Colorado,-0.1
2007-05-01,South_Platte,1.1
2007-05-01,Yampa_White_N_Platte,-3
2007-05-01,Arkansas,-0.8
2007-05-01,Rio_Grande,1
2007-05-01,San_Juan,-1
2007-06-01,Gunnison,0.7
2007-06-01,Colorado,0
2007-06-01,South_Platte,2.4
2007-06-01,Yampa_White_N_Platte,-1.7
2007-06-01,Arkansas,2.3
2007-06-01,Rio_Grande,1.5
2007-06-01,San_Juan,1.3
2007-07-01,Gunnison,-0.5
2007-07-01,Colorado,-1
2007-07-01,South_Platte,1.3
2007-07-01,Yampa_White_N_Platte,-3.7
2007-07-01,Arkansas,0.6
2007-07-01,Rio_Grande,0.5
2007-07-01,San_Juan,-0.4
2007-08-01,Gunnison,-0.3
2007-08-01,Colorado,-1
2007-08-01,South_Platte,1.4
2007-08-01,Yampa_White_N_Platte,-0.1
2007-08-01,Arkansas,-2.9
2007-08-01,Rio_Grande,-0.1
2007-08-01,San_Juan,-0.3
2007-09-01,Gunnison,-1.2
2007-09-01,Colorado,-0.1
2007-09-01,South_Platte,2.2
2007-09-01,Yampa_White_N_Platte,-2.5
2007-09-01,Arkansas,1.4
2007-09-01,Rio_Grande,1.2
2007-09-01,San_Juan,2.8
2007-10-01,Gunnison,-0.7
2007-10-01,Colorado,2.2
2007-10-01,South_Platte,2
2007-10-01,Yampa_White_N_Platte,-1.2
2007-10-01,Arkansas,0.7
2007-10-01,Rio_Grande,1.8
2007-10-01,San_Juan,2.5
2007-11-01,Gunnison,0.1
2007-11-01,Colorado,1.9
2007-11-01,South_Platte,1.8
2007-11-01,Yampa_White_N_Platte,1.4
2007-11-01,Arkansas,0.7
2007-11-01,Rio_Grande,2.4
2007-11-01,San_Juan,2.4
2007-12-01,Gunnison,-2.6
2007-12-01,Colorado,-1.7
2007-12-01,South_Platte,-1.4
2007-12-01,Yampa_White_N_Platte,-3.3
2007-12-01,Arkansas,-2.5
2007-12-01,Rio_Grande,-2.6
2007-12-01,San_Juan,-2.1
2008-01-01,Gunnison,2.4
2008-01-01,Colorado,2.1
2008-01-01,South_Platte,0.1
2008-01-01,Yampa_White_N_Platte,-0.1
2008-01-01,Arkansas,2.4
2008-01-01,Rio_Grande,2.8
2008-01-01,San_Juan,2.4
2008-02-01,Gunnison,3.3
2008-02-01,Colorado,2.3
2008-02-01,South_Platte,0.5
2008-02-01,Yampa_White_N_Platte,0.5
2008-02-01,Arkansas,3
2008-02-01,Rio_Grande,3.5
2008-02-01,San_Juan,3.4
2008-03-01,Gunnison,3.9
2008-03-01,Colorado,2.9
2008-03-01,South_Platte,0.2
2008-03-01,Yampa_White_N_Platte,0.6
2008-03-01,Arkansas,3.3
2008-03-01,Rio_Grande,3.7
2008-03-01,San_Juan,3.9
2008-04-01,Gunnison,3.6
2008-04-01,Colorado,2.7
2008-04-01,South_Platte,1.1
2008-04-01,Yampa_White_N_Platte,0.2
2008-04-01,Arkansas,3.1
2008-04-01,Rio_Grande,3.1
2008-04-01,San_Juan,3
2008-05-01,Gunnison,3
2008-05-01,Colorado,2.3
2008-05-01,South_Platte,0.7
2008-05-01,Yampa_White_N_Platte,0.1
2008-05-01,Arkansas,2.7
2008-05-01,Rio_Grande,2.4
2008-05-01,San_Juan,1.4
2008-06-01,Gunnison,2.4
2008-06-01,Colorado,2.3
2008-06-01,South_Platte,1
2008-06-01,Yampa_White_N_Platte,1.2
2008-06-01,Arkansas,1.3
2008-06-01,Rio_Grande,0.8
2008-06-01,San_Juan,1.6
2008-07-01,Gunnison,1.8
2008-07-01,Colorado,2
2008-07-01,South_Platte,0.9
2008-07-01,Yampa_White_N_Platte,2.1
2008-07-01,Arkansas,1.8
2008-07-01,Rio_Grande,1.6
2008-07-01,San_Juan,1.6
2008-08-01,Gunnison,2.8
2008-08-01,Colorado,2.5
2008-08-01,South_Platte,0.8
2008-08-01,Yampa_White_N_Platte,1.8
2008-08-01,Arkansas,1.4
2008-08-01,Rio_Grande,1
2008-08-01,San_Juan,1.6
2008-09-01,Gunnison,1.6
2008-09-01,Colorado,1.9
2008-09-01,South_Platte,3.1
2008-09-01,Yampa_White_N_Platte,0.3
2008-09-01,Arkansas,0.4
2008-09-01,Rio_Grande,0
2008-09-01,San_Juan,0
2008-10-01,Gunnison,-1.5
2008-10-01,Colorado,2
2008-10-01,South_Platte,3
2008-10-01,Yampa_White_N_Platte,3
2008-10-01,Arkansas,-0.5
2008-10-01,Rio_Grande,0.2
2008-10-01,San_Juan,0.1
2008-11-01,Gunnison,-2.2
2008-11-01,Colorado,1
2008-11-01,South_Platte,2.2
2008-11-01,Yampa_White_N_Platte,-0.4
2008-11-01,Arkansas,-0.4
2008-11-01,Rio_Grande,0.1
2008-11-01,San_Juan,-1.2
2008-12-01,Gunnison,-2.6
2008-12-01,Colorado,-1.6
2008-12-01,South_Platte,-1.1
2008-12-01,Yampa_White_N_Platte,-1.5
2008-12-01,Arkansas,-1.1
2008-12-01,Rio_Grande,-2
2008-12-01,San_Juan,-1.8
2009-01-01,Gunnison,1.7
2009-01-01,Colorado,1.3
2009-01-01,South_Platte,0.2
2009-01-01,Yampa_White_N_Platte,0.6
2009-01-01,Arkansas,1.7
2009-01-01,Rio_Grande,2.6
2009-01-01,San_Juan,2.2
2009-02-01,Gunnison,0.8
2009-02-01,Colorado,0.7
2009-02-01,South_Platte,0.3
2009-02-01,Yampa_White_N_Platte,0.9
2009-02-01,Arkansas,1.6
2009-02-01,Rio_Grande,2.2
2009-02-01,San_Juan,1.4
2009-03-01,Gunnison,0.8
2009-03-01,Colorado,0.1
2009-03-01,South_Platte,0.8
2009-03-01,Yampa_White_N_Platte,-0.1
2009-03-01,Arkansas,0.9
2009-03-01,Rio_Grande,1.7
2009-03-01,San_Juan,1
2009-04-01,Gunnison,0.4
2009-04-01,Colorado,-0.1
2009-04-01,South_Platte,0.2
2009-04-01,Yampa_White_N_Platte,-0.8
2009-04-01,Arkansas,0.4
2009-04-01,Rio_Grande,1.1
2009-04-01,San_Juan,0.1
2009-05-01,Gunnison,0.2
2009-05-01,Colorado,0.2
2009-05-01,South_Platte,1.4
2009-05-01,Yampa_White_N_Platte,-1.3
2009-05-01,Arkansas,-0.4
2009-05-01,Rio_Grande,1.1
2009-05-01,San_Juan,-0.1
2009-06-01,Gunnison,1.3
2009-06-01,Colorado,3.2
2009-06-01,South_Platte,2.5
2009-06-01,Yampa_White_N_Platte,2.7
2009-06-01,Arkansas,1.6
2009-06-01,Rio_Grande,3.1
2009-06-01,San_Juan,3.2
2009-07-01,Gunnison,1.1
2009-07-01,Colorado,1.5
2009-07-01,South_Platte,3.4
2009-07-01,Yampa_White_N_Platte,0.1
2009-07-01,Arkansas,1.6
2009-07-01,Rio_Grande,-0.9
2009-07-01,San_Juan,-1.2
2009-08-01,Gunnison,0.4
2009-08-01,Colorado,1.7
2009-08-01,South_Platte,3
2009-08-01,Yampa_White_N_Platte,0.9
2009-08-01,Arkansas,0.8
2009-08-01,Rio_Grande,-0.9
2009-08-01,San_Juan,-1.2
2009-09-01,Gunnison,-2.6
2009-09-01,Colorado,0.7
2009-09-01,South_Platte,2.5
2009-09-01,Yampa_White_N_Platte,-2.4
2009-09-01,Arkansas,-1.4
2009-09-01,Rio_Grande,-1.9
2009-09-01,San_Juan,-2.9
2009-10-01,Gunnison,-1.8
2009-10-01,Colorado,1.2
2009-10-01,South_Platte,3.2
2009-10-01,Yampa_White_N_Platte,-2.1
2009-10-01,Arkansas,-0.7
2009-10-01,Rio_Grande,-1.4
2009-10-01,San_Juan,-2.5
2009-11-01,Gunnison,-1.3
2009-11-01,Colorado,1.4
2009-11-01,South_Platte,3.2
2009-11-01,Yampa_White_N_Platte,0.3
2009-11-01,Arkansas,0.6
2009-11-01,Rio_Grande,-0.6
2009-11-01,San_Juan,-2.5
2009-12-01,Gunnison,-1.9
2009-12-01,Colorado,-2
2009-12-01,South_Platte,1.3
2009-12-01,Yampa_White_N_Platte,-2.2
2009-12-01,Arkansas,0
2009-12-01,Rio_Grande,-1.8
2009-12-01,San_Juan,-2.6
2010-01-01,Gunnison,-0.4
2010-01-01,Colorado,-1.2
2010-01-01,South_Platte,1.6
2010-01-01,Yampa_White_N_Platte,-2.1
2010-01-01,Arkansas,-0.1
2010-01-01,Rio_Grande,0.6
2010-01-01,San_Juan,-0.5
2010-02-01,Gunnison,-0.7
2010-02-01,Colorado,-2.1
2010-02-01,South_Platte,1.3
2010-02-01,Yampa_White_N_Platte,-2.6
2010-02-01,Arkansas,-0.9
2010-02-01,Rio_Grande,1.5
2010-02-01,San_Juan,0.3
2010-03-01,Gunnison,-0.8
2010-03-01,Colorado,-1.8
2010-03-01,South_Platte,1.2
2010-03-01,Yampa_White_N_Platte,-3.2
2010-03-01,Arkansas,-1.1
2010-03-01,Rio_Grande,1.6
2010-03-01,San_Juan,0.3
2010-04-01,Gunnison,-0.3
2010-04-01,Colorado,-2.1
2010-04-01,South_Platte,1.1
2010-04-01,Yampa_White_N_Platte,-3.5
2010-04-01,Arkansas,-1.1
2010-04-01,Rio_Grande,1.8
2010-04-01,San_Juan,0.1
2010-05-01,Gunnison,-0.8
2010-05-01,Colorado,-1.5
2010-05-01,South_Platte,1.8
2010-05-01,Yampa_White_N_Platte,-2.4
2010-05-01,Arkansas,-1.5
2010-05-01,Rio_Grande,1.5
2010-05-01,San_Juan,-0.8
2010-06-01,Gunnison,-0.4
2010-06-01,Colorado,-0.8
2010-06-01,South_Platte,3.1
2010-06-01,Yampa_White_N_Platte,-2
2010-06-01,Arkansas,-0.2
2010-06-01,Rio_Grande,1
2010-06-01,San_Juan,0.6
2010-07-01,Gunnison,0.5
2010-07-01,Colorado,1.8
2010-07-01,South_Platte,3.5
2010-07-01,Yampa_White_N_Platte,0.3
2010-07-01,Arkansas,1.7
2010-07-01,Rio_Grande,-1.5
2010-07-01,San_Juan,-1
2010-08-01,Gunnison,-1.1
2010-08-01,Colorado,-0.7
2010-08-01,South_Platte,2.6
2010-08-01,Yampa_White_N_Platte,-0.6
2010-08-01,Arkansas,-1.1
2010-08-01,Rio_Grande,-2.1
2010-08-01,San_Juan,-2.6
2010-09-01,Gunnison,-1.3
2010-09-01,Colorado,0.6
2010-09-01,South_Platte,3
2010-09-01,Yampa_White_N_Platte,0.4
2010-09-01,Arkansas,0.2
2010-09-01,Rio_Grande,-0.7
2010-09-01,San_Juan,1.1
2010-10-01,Gunnison,-2.3
2010-10-01,Colorado,-0.2
2010-10-01,South_Platte,2.3
2010-10-01,Yampa_White_N_Platte,-1.7
2010-10-01,Arkansas,-1.3
2010-10-01,Rio_Grande,0.5
2010-10-01,San_Juan,-1.3
2010-11-01,Gunnison,-1.8
2010-11-01,Colorado,0
2010-11-01,South_Platte,2.8
2010-11-01,Yampa_White_N_Platte,-0.8
2010-11-01,Arkansas,0.1
2010-11-01,Rio_Grande,-0.4
2010-11-01,San_Juan,-1.1
2010-12-01,Gunnison,0.1
2010-12-01,Colorado,2.6
2010-12-01,South_Platte,2
2010-12-01,Yampa_White_N_Platte,3.9
2010-12-01,Arkansas,0.3
2010-12-01,Rio_Grande,-1.8
2010-12-01,San_Juan,-1.4
2011-01-01,Gunnison,3.6
2011-01-01,Colorado,2.8
2011-01-01,South_Platte,2.5
2011-01-01,Yampa_White_N_Platte,3.7
2011-01-01,Arkansas,1.3
2011-01-01,Rio_Grande,1.7
2011-01-01,San_Juan,2.9
2011-02-01,Gunnison,2.3
2011-02-01,Colorado,2.3
2011-02-01,South_Platte,2.9
2011-02-01,Yampa_White_N_Platte,2.8
2011-02-01,Arkansas,0.9
2011-02-01,Rio_Grande,0.4
2011-02-01,San_Juan,0.1
2011-03-01,Gunnison,2.5
2011-03-01,Colorado,2.6
2011-03-01,South_Platte,3
2011-03-01,Yampa_White_N_Platte,2.6
2011-03-01,Arkansas,0.9
2011-03-01,Rio_Grande,0.4
2011-03-01,San_Juan,0
2011-04-01,Gunnison,2.5
2011-04-01,Colorado,3.3
2011-04-01,South_Platte,3
2011-04-01,Yampa_White_N_Platte,3.1
2011-04-01,Arkansas,1
2011-04-01,Rio_Grande,-0.1
2011-04-01,San_Juan,-0.5
2011-05-01,Gunnison,3.5
2011-05-01,Colorado,4
2011-05-01,South_Platte,3
2011-05-01,Yampa_White_N_Platte,4.1
2011-05-01,Arkansas,1.7
2011-05-01,Rio_Grande,0.8
2011-05-01,San_Juan,0.5
2011-06-01,Gunnison,1.4
2011-06-01,Colorado,1.5
2011-06-01,South_Platte,2
2011-06-01,Yampa_White_N_Platte,0.5
2011-06-01,Arkansas,-1.4
2011-06-01,Rio_Grande,-3
2011-06-01,San_Juan,-1.7
2011-07-01,Gunnison,2.3
2011-07-01,Colorado,3.1
2011-07-01,South_Platte,2.6
2011-07-01,Yampa_White_N_Platte,3.2
2011-07-01,Arkansas,1.2
2011-07-01,Rio_Grande,0.4
2011-07-01,San_Juan,1.5
2011-08-01,Gunnison,3
2011-08-01,Colorado,2.4
2011-08-01,South_Platte,3.5
2011-08-01,Yampa_White_N_Platte,4.1
2011-08-01,Arkansas,2.2
2011-08-01,Rio_Grande,-0.4
2011-08-01,San_Juan,1.8
2011-09-01,Gunnison,1.3
2011-09-01,Colorado,3.4
2011-09-01,South_Platte,2.9
2011-09-01,Yampa_White_N_Platte,3.2
2011-09-01,Arkansas,-0.5
2011-09-01,Rio_Grande,-0.3
2011-09-01,San_Juan,-1.2
2011-10-01,Gunnison,0
2011-10-01,Colorado,2.8
2011-10-01,South_Platte,3.5
2011-10-01,Yampa_White_N_Platte,3
2011-10-01,Arkansas,-0.4
2011-10-01,Rio_Grande,-1.1
2011-10-01,San_Juan,-1.3
2011-11-01,Gunnison,0.5
2011-11-01,Colorado,2.7
2011-11-01,South_Platte,3.3
2011-11-01,Yampa_White_N_Platte,3.5
2011-11-01,Arkansas,0.2
2011-11-01,Rio_Grande,1.3
2011-11-01,San_Juan,0
2011-12-01,Gunnison,-1
2011-12-01,Colorado,0.5
2011-12-01,South_Platte,1.5
2011-12-01,Yampa_White_N_Platte,1
2011-12-01,Arkansas,-0.2
2011-12-01,Rio_Grande,0.4
2011-12-01,San_Juan,-0.6
2010-10-01,Gunnison,-1.42
2010-10-01,Colorado,1.58
2010-10-01,South_Platte,2.74
2010-10-01,Yampa_White_N_Platte,0.01
2010-10-01,Arkansas,1.76
2010-10-01,Rio_Grande,-0.68
2010-10-01,San_Juan,1.58
2010-11-01,Gunnison,-1.71
2010-11-01,Colorado,0.59
2010-11-01,South_Platte,1.5
2010-11-01,Yampa_White_N_Platte,0
2010-11-01,Arkansas,1.35
2010-11-01,Rio_Grande,-0.27
2010-11-01,San_Juan,1.37
2010-12-01,Gunnison,-1.34
2010-12-01,Colorado,1.59
2010-12-01,South_Platte,1.81
2010-12-01,Yampa_White_N_Platte,0
2010-12-01,Arkansas,1.16
2010-12-01,Rio_Grande,-0.36
2010-12-01,San_Juan,1.2
2011-01-01,Gunnison,2.09
2011-01-01,Colorado,2.13
2011-01-01,South_Platte,2.05
2011-01-01,Yampa_White_N_Platte,2.59
2011-01-01,Arkansas,1.28
2011-01-01,Rio_Grande,0.56
2011-01-01,San_Juan,1.4
2011-02-01,Gunnison,1.93
2011-02-01,Colorado,2.35
2011-02-01,South_Platte,2.04
2011-02-01,Yampa_White_N_Platte,2.5
2011-02-01,Arkansas,0.92
2011-02-01,Rio_Grande,-0.44
2011-02-01,San_Juan,0.79
2011-03-01,Gunnison,2.03
2011-03-01,Colorado,2.47
2011-03-01,South_Platte,2.6
2011-03-01,Yampa_White_N_Platte,2.82
2011-03-01,Arkansas,1.26
2011-03-01,Rio_Grande,-0.85
2011-03-01,San_Juan,0.44
2011-04-01,Gunnison,1.92
2011-04-01,Colorado,2.89
2011-04-01,South_Platte,2.69
2011-04-01,Yampa_White_N_Platte,3.85
2011-04-01,Arkansas,1.16
2011-04-01,Rio_Grande,-1.47
2011-04-01,San_Juan,-0.61
2011-05-01,Gunnison,3.33
2011-05-01,Colorado,3.94
2011-05-01,South_Platte,3.03
2011-05-01,Yampa_White_N_Platte,4.04
2011-05-01,Arkansas,1.58
2011-05-01,Rio_Grande,-0.9
2011-05-01,San_Juan,0.95
2011-06-01,Gunnison,3.24
2011-06-01,Colorado,4.04
2011-06-01,South_Platte,3.97
2011-06-01,Yampa_White_N_Platte,4.04
2011-06-01,Arkansas,1.41
2011-06-01,Rio_Grande,0.72
2011-06-01,San_Juan,3.69
2011-07-01,Gunnison,3.27
2011-07-01,Colorado,4.04
2011-07-01,South_Platte,2.1
2011-07-01,Yampa_White_N_Platte,4.04
2011-07-01,Arkansas,0
2011-07-01,Rio_Grande,0.33
2011-07-01,San_Juan,2.48
2011-08-01,Gunnison,3.63
2011-08-01,Colorado,3.98
2011-08-01,South_Platte,4.02
2011-08-01,Yampa_White_N_Platte,4.04
2011-08-01,Arkansas,1.56
2011-08-01,Rio_Grande,0.16
2011-08-01,San_Juan,2.46
2011-09-01,Gunnison,2.5
2011-09-01,Colorado,3.39
2011-09-01,South_Platte,3.2
2011-09-01,Yampa_White_N_Platte,4.04
2011-09-01,Arkansas,0.46
2011-09-01,Rio_Grande,-1.54
2011-09-01,San_Juan,0.96
2011-10-01,Gunnison,2.05
2011-10-01,Colorado,3.56
2011-10-01,South_Platte,3.34
2011-10-01,Yampa_White_N_Platte,3.6
2011-10-01,Arkansas,0.88
2011-10-01,Rio_Grande,-0.66
2011-10-01,San_Juan,1.62
2011-11-01,Gunnison,1.41
2011-11-01,Colorado,3.04
2011-11-01,South_Platte,3.1
2011-11-01,Yampa_White_N_Platte,3.63
2011-11-01,Arkansas,0.96
2011-11-01,Rio_Grande,-0.38
2011-11-01,San_Juan,1.51
2011-12-01,Gunnison,2.47
2011-12-01,Colorado,3.54
2011-12-01,South_Platte,3.49
2011-12-01,Yampa_White_N_Platte,3.74
2011-12-01,Arkansas,0.81
2011-12-01,Rio_Grande,-0.68
2011-12-01,San_Juan,1.57
2012-01-01,Gunnison,-1.8
2012-01-01,Colorado,-1.97
2012-01-01,South_Platte,1.12
2012-01-01,Yampa_White_N_Platte,-1.65
2012-01-01,Arkansas,-0.01
2012-01-01,Rio_Grande,-0.16
2012-01-01,San_Juan,-0.43
2012-02-01,Gunnison,-1.83
2012-02-01,Colorado,-1.75
2012-02-01,South_Platte,1.03
2012-02-01,Yampa_White_N_Platte,-1.88
2012-02-01,Arkansas,-0.16
2012-02-01,Rio_Grande,-0.78
2012-02-01,San_Juan,-0.56
2012-03-01,Gunnison,-1.33
2012-03-01,Colorado,-1.71
2012-03-01,South_Platte,1.18
2012-03-01,Yampa_White_N_Platte,-1.26
2012-03-01,Arkansas,-0.31
2012-03-01,Rio_Grande,-0.28
2012-03-01,San_Juan,-0.24
2012-04-01,Gunnison,-2.8
2012-04-01,Colorado,-3.35
2012-04-01,South_Platte,-0.74
2012-04-01,Yampa_White_N_Platte,-3.23
2012-04-01,Arkansas,-1.14
2012-04-01,Rio_Grande,-1.84
2012-04-01,San_Juan,-1.92
2012-05-01,Gunnison,-3.24
2012-05-01,Colorado,-3.44
2012-05-01,South_Platte,-2.6
2012-05-01,Yampa_White_N_Platte,-3.73
2012-05-01,Arkansas,-1.93
2012-05-01,Rio_Grande,-3.67
2012-05-01,San_Juan,-1.5
2012-06-01,Gunnison,-2.19
2012-06-01,Colorado,-1.71
2012-06-01,South_Platte,-1.94
2012-06-01,Yampa_White_N_Platte,-0.78
2012-06-01,Arkansas,-1.2
2012-06-01,Rio_Grande,0.61
2012-06-01,San_Juan,1.25
2012-07-01,Gunnison,-3.67
2012-07-01,Colorado,-3.84
2012-07-01,South_Platte,-3.63
2012-07-01,Yampa_White_N_Platte,-4.04
2012-07-01,Arkansas,-2.19
2012-07-01,Rio_Grande,-3.66
2012-07-01,San_Juan,-2.79
2012-08-01,Gunnison,-3.64
2012-08-01,Colorado,-3.67
2012-08-01,South_Platte,-3.63
2012-08-01,Yampa_White_N_Platte,-3.59
2012-08-01,Arkansas,-2.08
2012-08-01,Rio_Grande,-2.91
2012-08-01,San_Juan,-1.92
2012-09-01,Gunnison,-3.63
2012-09-01,Colorado,-3.56
2012-09-01,South_Platte,-3.4
2012-09-01,Yampa_White_N_Platte,-2.67
2012-09-01,Arkansas,-1.74
2012-09-01,Rio_Grande,-2.75
2012-09-01,San_Juan,-0.99
2012-10-01,Gunnison,-3.61
2012-10-01,Colorado,-3.69
2012-10-01,South_Platte,-3.25
2012-10-01,Yampa_White_N_Platte,0.33
2012-10-01,Arkansas,-1.2
2012-10-01,Rio_Grande,-1.88
2012-10-01,San_Juan,-0.63
2012-11-01,Gunnison,-3.6
2012-11-01,Colorado,-3.69
2012-11-01,South_Platte,-3.42
2012-11-01,Yampa_White_N_Platte,0.37
2012-11-01,Arkansas,-1.5
2012-11-01,Rio_Grande,-1.6
2012-11-01,San_Juan,-0.62
2012-12-01,Gunnison,-3.59
2012-12-01,Colorado,-3.68
2012-12-01,South_Platte,-3.39
2012-12-01,Yampa_White_N_Platte,0.41
2012-12-01,Arkansas,-1.58
2012-12-01,Rio_Grande,-1.93
2012-12-01,San_Juan,-0.63
2013-01-01,Gunnison,-3.33
2013-01-01,Colorado,-2.71
2013-01-01,South_Platte,-3.35
2013-01-01,Yampa_White_N_Platte,-1.87
2013-01-01,Arkansas,-2.24
2013-01-01,Rio_Grande,-2.4
2013-01-01,San_Juan,-2.61
2013-02-01,Gunnison,-3.32
2013-02-01,Colorado,-3.24
2013-02-01,South_Platte,-3.77
2013-02-01,Yampa_White_N_Platte,-2.42
2013-02-01,Arkansas,-2.36
2013-02-01,Rio_Grande,-1.81
2013-02-01,San_Juan,-2.22
2013-03-01,Gunnison,-3.62
2013-03-01,Colorado,-3.44
2013-03-01,South_Platte,-3.7
2013-03-01,Yampa_White_N_Platte,-2.61
2013-03-01,Arkansas,-2.38
2013-03-01,Rio_Grande,-2.09
2013-03-01,San_Juan,-2.65
2013-04-01,Gunnison,-3.73
2013-04-01,Colorado,-3.54
2013-04-01,South_Platte,-3.74
2013-04-01,Yampa_White_N_Platte,-3.26
2013-04-01,Arkansas,-2.68
2013-04-01,Rio_Grande,-3.52
2013-04-01,San_Juan,-3.01
2013-05-01,Gunnison,-3.38
2013-05-01,Colorado,-1.83
2013-05-01,South_Platte,-2.77
2013-05-01,Yampa_White_N_Platte,-1.82
2013-05-01,Arkansas,-2.34
2013-05-01,Rio_Grande,-3.7
2013-05-01,San_Juan,-3.07
2013-06-01,Gunnison,-3.5
2013-06-01,Colorado,-1.3
2013-06-01,South_Platte,-1.46
2013-06-01,Yampa_White_N_Platte,1.78
2013-06-01,Arkansas,-2.73
2013-06-01,Rio_Grande,-1.91
2013-06-01,San_Juan,-2.56
2013-07-01,Gunnison,-3.53
2013-07-01,Colorado,-1.6
2013-07-01,South_Platte,-2.95
2013-07-01,Yampa_White_N_Platte,-2.17
2013-07-01,Arkansas,-2.3
2013-07-01,Rio_Grande,-3.66
2013-07-01,San_Juan,-3.26
2013-08-01,Gunnison,-3.58
2013-08-01,Colorado,-2.52
2013-08-01,South_Platte,-2.54
2013-08-01,Yampa_White_N_Platte,-2.3
2013-08-01,Arkansas,-2.42
2013-08-01,Rio_Grande,-3.26
2013-08-01,San_Juan,-2.66
2013-09-01,Gunnison,-3.41
2013-09-01,Colorado,-2.66
2013-09-01,South_Platte,-2.75
2013-09-01,Yampa_White_N_Platte,-1.07
2013-09-01,Arkansas,-1.74
2013-09-01,Rio_Grande,-0.63
2013-09-01,San_Juan,-1.48
2013-10-01,Gunnison,-3.5
2013-10-01,Colorado,-0.09
2013-10-01,South_Platte,-0.53
2013-10-01,Yampa_White_N_Platte,2.82
2013-10-01,Arkansas,-1.51
2013-10-01,Rio_Grande,-1.93
2013-10-01,San_Juan,-0.56
2013-11-01,Gunnison,-3.43
2013-11-01,Colorado,1.31
2013-11-01,South_Platte,1.35
2013-11-01,Yampa_White_N_Platte,2.57
2013-11-01,Arkansas,-1.41
2013-11-01,Rio_Grande,-1.51
2013-11-01,San_Juan,-0.21
2013-12-01,Gunnison,-3.39
2013-12-01,Colorado,2.46
2013-12-01,South_Platte,1.83
2013-12-01,Yampa_White_N_Platte,3.18
2013-12-01,Arkansas,-1.38
2013-12-01,Rio_Grande,-0.61
2013-12-01,San_Juan,-0.03
2014-01-01,Gunnison,-0.47
2014-01-01,Colorado,-0.54
2014-01-01,South_Platte,1
2014-01-01,Yampa_White_N_Platte,-0.36
2014-01-01,Arkansas,-0.42
2014-01-01,Rio_Grande,-0.31
2014-01-01,San_Juan,-0.23
2014-02-01,Gunnison,-0.33
2014-02-01,Colorado,1.23
2014-02-01,South_Platte,1.36
2014-02-01,Yampa_White_N_Platte,0.25
2014-02-01,Arkansas,-0.22
2014-02-01,Rio_Grande,-0.92
2014-02-01,San_Juan,-0.72
2014-03-01,Gunnison,0.85
2014-03-01,Colorado,2.26
2014-03-01,South_Platte,2.04
2014-03-01,Yampa_White_N_Platte,0.75
2014-03-01,Arkansas,-0.26
2014-03-01,Rio_Grande,-0.93
2014-03-01,San_Juan,-0.67
2014-04-01,Gunnison,1.16
2014-04-01,Colorado,2.45
2014-04-01,South_Platte,1.8
2014-04-01,Yampa_White_N_Platte,2.06
2014-04-01,Arkansas,-0.51
2014-04-01,Rio_Grande,-1.3
2014-04-01,San_Juan,-1.22
2014-05-01,Gunnison,0.23
2014-05-01,Colorado,1.94
2014-05-01,South_Platte,1.15
2014-05-01,Yampa_White_N_Platte,3.03
2014-05-01,Arkansas,-0.69
2014-05-01,Rio_Grande,-1.27
2014-05-01,San_Juan,-1.89
2014-06-01,Gunnison,3.61
2014-06-01,Colorado,4.04
2014-06-01,South_Platte,3.72
2014-06-01,Yampa_White_N_Platte,1.44
2014-06-01,Arkansas,-0.04
2014-06-01,Rio_Grande,-2.54
2014-06-01,San_Juan,1.23
2014-07-01,Gunnison,0.9
2014-07-01,Colorado,3.01
2014-07-01,South_Platte,3.07
2014-07-01,Yampa_White_N_Platte,0.13
2014-07-01,Arkansas,-0.09
2014-07-01,Rio_Grande,-0.67
2014-07-01,San_Juan,-1.6
2014-08-01,Gunnison,-0.59
2014-08-01,Colorado,0.61
2014-08-01,South_Platte,3.65
2014-08-01,Yampa_White_N_Platte,0.45
2014-08-01,Arkansas,0.05
2014-08-01,Rio_Grande,-0.32
2014-08-01,San_Juan,-1.58
2014-09-01,Gunnison,-1
2014-09-01,Colorado,2.43
2014-09-01,South_Platte,3.67
2014-09-01,Yampa_White_N_Platte,3.43
2014-09-01,Arkansas,0.39
2014-09-01,Rio_Grande,-0.38
2014-09-01,San_Juan,-0.24
2014-10-01,Gunnison,-0.9
2014-10-01,Colorado,2.21
2014-10-01,South_Platte,4.04
2014-10-01,Yampa_White_N_Platte,4.04
2014-10-01,Arkansas,0.77
2014-10-01,Rio_Grande,-0.43
2014-10-01,San_Juan,-0.01
2014-11-01,Gunnison,-0.21
2014-11-01,Colorado,1.43
2014-11-01,South_Platte,4.04
2014-11-01,Yampa_White_N_Platte,4.04
2014-11-01,Arkansas,0.84
2014-11-01,Rio_Grande,-0.02
2014-11-01,San_Juan,0.39
2014-12-01,Gunnison,1.29
2014-12-01,Colorado,2.11
2014-12-01,South_Platte,4.04
2014-12-01,Yampa_White_N_Platte,3.9
2014-12-01,Arkansas,0.87
2014-12-01,Rio_Grande,0.96
2014-12-01,San_Juan,0.3
2015-01-01,Gunnison,0.54
2015-01-01,Colorado,0.92
2015-01-01,South_Platte,2.36
2015-01-01,Yampa_White_N_Platte,-0.52
2015-01-01,Arkansas,0.74
2015-01-01,Rio_Grande,-1.24
2015-01-01,San_Juan,-1.27
2015-02-01,Gunnison,-0.49
2015-02-01,Colorado,-0.56
2015-02-01,South_Platte,1.82
2015-02-01,Yampa_White_N_Platte,-1.82
2015-02-01,Arkansas,0.14
2015-02-01,Rio_Grande,-1.79
2015-02-01,San_Juan,-2.18
2015-03-01,Gunnison,-0.74
2015-03-01,Colorado,-0.39
2015-03-01,South_Platte,2.05
2015-03-01,Yampa_White_N_Platte,-1.81
2015-03-01,Arkansas,0.1
2015-03-01,Rio_Grande,-1.14
2015-03-01,San_Juan,-1.64
2015-04-01,Gunnison,-2.03
2015-04-01,Colorado,-1.66
2015-04-01,South_Platte,1.28
2015-04-01,Yampa_White_N_Platte,-2.65
2015-04-01,Arkansas,-0.08
2015-04-01,Rio_Grande,-2.52
2015-04-01,San_Juan,-2.8
2015-05-01,Gunnison,-2.3
2015-05-01,Colorado,-1.76
2015-05-01,South_Platte,2.26
2015-05-01,Yampa_White_N_Platte,-2.11
2015-05-01,Arkansas,-0.06
2015-05-01,Rio_Grande,-2.64
2015-05-01,San_Juan,-3.03
2015-06-01,Gunnison,0.39
2015-06-01,Colorado,0.44
2015-06-01,South_Platte,3.65
2015-06-01,Yampa_White_N_Platte,-1.79
2015-06-01,Arkansas,1.77
2015-06-01,Rio_Grande,-1.56
2015-06-01,San_Juan,-1.23
2015-07-01,Gunnison,2.54
2015-07-01,Colorado,2.12
2015-07-01,South_Platte,3.95
2015-07-01,Yampa_White_N_Platte,-0.67
2015-07-01,Arkansas,3.77
2015-07-01,Rio_Grande,1.6
2015-07-01,San_Juan,2.55
2015-08-01,Gunnison,1.94
2015-08-01,Colorado,0.29
2015-08-01,South_Platte,3.66
2015-08-01,Yampa_White_N_Platte,0.29
2015-08-01,Arkansas,3.48
2015-08-01,Rio_Grande,1.33
2015-08-01,San_Juan,2.53
2015-10-01,Gunnison,2.8
2015-10-01,Colorado,1.08
2015-10-01,South_Platte,2.96
2015-10-01,Yampa_White_N_Platte,4.04
2015-10-01,Arkansas,2.81
2015-10-01,Rio_Grande,1.53
2015-10-01,San_Juan,1.56
2015-09-01,Gunnison,2.23
2015-09-01,Colorado,-0.27
2015-09-01,South_Platte,3.03
2015-09-01,Yampa_White_N_Platte,0.34
2015-09-01,Arkansas,2.57
2015-09-01,Rio_Grande,1.17
2015-09-01,San_Juan,1.15
2015-11-01,Gunnison,1.74
2015-11-01,Colorado,-0.19
2015-11-01,South_Platte,2.36
2015-11-01,Yampa_White_N_Platte,4.04
2015-11-01,Arkansas,2.32
2015-11-01,Rio_Grande,1.67
2015-11-01,San_Juan,1.28
2015-12-01,Gunnison,2.55
2015-12-01,Colorado,0.27
2015-12-01,South_Platte,2.21
2015-12-01,Yampa_White_N_Platte,4.04
2015-12-01,Arkansas,2.31
2015-12-01,Rio_Grande,2.04
2015-12-01,San_Juan,1.15
2016-01-01,Gunnison,1.39
2016-01-01,Colorado,-0.3
2016-01-01,South_Platte,1.09
2016-01-01,Yampa_White_N_Platte,-0.65
2016-01-01,Arkansas,2.08
2016-01-01,Rio_Grande,0.86
2016-01-01,San_Juan,1.21
2016-02-01,Gunnison,1.5
2016-02-01,Colorado,-0.1
2016-02-01,South_Platte,0.96
2016-02-01,Yampa_White_N_Platte,-0.6
2016-02-01,Arkansas,2.09
2016-02-01,Rio_Grande,0.66
2016-02-01,San_Juan,1.23
2016-03-01,Gunnison,-0.15
2016-03-01,Colorado,-0.8
2016-03-01,South_Platte,0.66
2016-03-01,Yampa_White_N_Platte,-1.18
2016-03-01,Arkansas,2.02
2016-03-01,Rio_Grande,0.05
2016-03-01,San_Juan,0.25
2016-04-01,Gunnison,-0.14
2016-04-01,Colorado,-0.63
2016-04-01,South_Platte,1.06
2016-04-01,Yampa_White_N_Platte,-0.63
2016-04-01,Arkansas,1.72
2016-04-01,Rio_Grande,-0.79
2016-04-01,San_Juan,-0.69
2016-05-01,Gunnison,0.06
2016-05-01,Colorado,-0.64
2016-05-01,South_Platte,2.07
2016-05-01,Yampa_White_N_Platte,-0.37
2016-05-01,Arkansas,1.8
2016-05-01,Rio_Grande,-0.65
2016-05-01,San_Juan,-0.54
2016-06-01,Gunnison,0.33
2016-06-01,Colorado,0.05
2016-06-01,South_Platte,1.89
2016-06-01,Yampa_White_N_Platte,0.46
2016-06-01,Arkansas,1.84
2016-06-01,Rio_Grande,-0.47
2016-06-01,San_Juan,0.38
2016-07-01,Gunnison,1.47
2016-07-01,Colorado,1.64
2016-07-01,South_Platte,2.5
2016-07-01,Yampa_White_N_Platte,0.21
2016-07-01,Arkansas,2.35
2016-07-01,Rio_Grande,0.9
2016-07-01,San_Juan,1.5
2016-08-01,Gunnison,-0.13
2016-08-01,Colorado,-0.04
2016-08-01,South_Platte,1.78
2016-08-01,Yampa_White_N_Platte,-0.32
2016-08-01,Arkansas,1.91
2016-08-01,Rio_Grande,0.55
2016-08-01,San_Juan,1.38
2016-09-01,Gunnison,0.65
2016-09-01,Colorado,-0.22
2016-09-01,South_Platte,2.22
2016-09-01,Yampa_White_N_Platte,-0.45
2016-09-01,Arkansas,2.01
2016-09-01,Rio_Grande,1.26
2016-09-01,San_Juan,2.22
2016-10-01,Gunnison,-0.09
2016-10-01,Colorado,0.96
2016-10-01,South_Platte,2.78
2016-10-01,Yampa_White_N_Platte,3.59
2016-10-01,Arkansas,2.01
2016-10-01,Rio_Grande,1.83
2016-10-01,San_Juan,2.08
2016-11-01,Gunnison,-0.49
2016-11-01,Colorado,0
2016-11-01,South_Platte,1.75
2016-11-01,Yampa_White_N_Platte,3.83
2016-11-01,Arkansas,2.01
2016-11-01,Rio_Grande,2.01
2016-11-01,San_Juan,2.5
2016-12-01,Gunnison,-0.23
2016-12-01,Colorado,0.52
2016-12-01,South_Platte,1.78
2016-12-01,Yampa_White_N_Platte,4.02
2016-12-01,Arkansas,2
2016-12-01,Rio_Grande,1.99
2016-12-01,San_Juan,2.78
2017-01-01,Gunnison,0.52
2017-01-01,Colorado,0
2017-01-01,South_Platte,0.89
2017-01-01,Yampa_White_N_Platte,-0.57
2017-01-01,Arkansas,1.65
2017-01-01,Rio_Grande,-0.18
2017-01-01,San_Juan,0.67
2017-02-01,Gunnison,2.88
2017-02-01,Colorado,2.49
2017-02-01,South_Platte,1.71
2017-02-01,Yampa_White_N_Platte,0.63
2017-02-01,Arkansas,2.04
2017-02-01,Rio_Grande,1.65
2017-02-01,San_Juan,2.37
2017-03-01,Gunnison,2.94
2017-03-01,Colorado,2.48
2017-03-01,South_Platte,1.6
2017-03-01,Yampa_White_N_Platte,0.4
2017-03-01,Arkansas,1.74
2017-03-01,Rio_Grande,1.46
2017-03-01,San_Juan,2.22
2017-04-01,Gunnison,2.67
2017-04-01,Colorado,1.26
2017-04-01,South_Platte,1.01
2017-04-01,Yampa_White_N_Platte,-0.69
2017-04-01,Arkansas,1.6
2017-04-01,Rio_Grande,0.86
2017-04-01,San_Juan,1.61
2017-05-01,Gunnison,3.27
2017-05-01,Colorado,1.5
2017-05-01,South_Platte,0.92
2017-05-01,Yampa_White_N_Platte,-0.31
2017-05-01,Arkansas,1.66
2017-05-01,Rio_Grande,0.91
2017-05-01,San_Juan,1.71
2017-06-01,Gunnison,1.49
2017-06-01,Colorado,1.47
2017-06-01,South_Platte,2.31
2017-06-01,Yampa_White_N_Platte,-0.49
2017-06-01,Arkansas,1.93
2017-06-01,Rio_Grande,0.61
2017-06-01,San_Juan,1.18
2017-07-01,Gunnison,2.34
2017-07-01,Colorado,0.86
2017-07-01,South_Platte,2.45
2017-07-01,Yampa_White_N_Platte,-0.6
2017-07-01,Arkansas,2.85
2017-07-01,Rio_Grande,1.1
2017-07-01,San_Juan,1.77
2017-08-01,Gunnison,1.9
2017-08-01,Colorado,0.07
2017-08-01,South_Platte,2.53
2017-08-01,Yampa_White_N_Platte,-0.38
2017-08-01,Arkansas,2.65
2017-08-01,Rio_Grande,1.48
2017-08-01,San_Juan,2.44
2017-09-01,Gunnison,3.01
2017-09-01,Colorado,0.73
2017-09-01,South_Platte,3.1
2017-09-01,Yampa_White_N_Platte,0.51
2017-09-01,Arkansas,3.14
2017-09-01,Rio_Grande,2.95
2017-09-01,San_Juan,2.51
2017-10-01,Gunnison,2.89
2017-10-01,Colorado,0.71
2017-10-01,South_Platte,3.11
2017-10-01,Yampa_White_N_Platte,3.45
2017-10-01,Arkansas,2.89
2017-10-01,Rio_Grande,3.13
2017-10-01,San_Juan,2.02
2017-11-01,Gunnison,2.42
2017-11-01,Colorado,-0.18
2017-11-01,South_Platte,3.17
2017-11-01,Yampa_White_N_Platte,3.77
2017-11-01,Arkansas,3.02
2017-11-01,Rio_Grande,3.12
2017-11-01,San_Juan,1.66
2017-12-01,Gunnison,2.73
2017-12-01,Colorado,0.28
2017-12-01,South_Platte,3.44
2017-12-01,Yampa_White_N_Platte,3.78
2017-12-01,Arkansas,2.9
2017-12-01,Rio_Grande,3.1
2017-12-01,San_Juan,1.68
2018-01-01,Gunnison,-2.86
2018-01-01,Colorado,-2.16
2018-01-01,South_Platte,1.31
2018-01-01,Yampa_White_N_Platte,-1.95
2018-01-01,Arkansas,1.99
2018-01-01,Rio_Grande,-3.01
2018-01-01,San_Juan,-2.85
2018-02-01,Gunnison,-3.15
2018-02-01,Colorado,-2.37
2018-02-01,South_Platte,1.19
2018-02-01,Yampa_White_N_Platte,-2.27
2018-02-01,Arkansas,1.98
2018-02-01,Rio_Grande,-3.18
2018-02-01,San_Juan,-2.95
2018-03-01,Gunnison,-3.1
2018-03-01,Colorado,-2.25
2018-03-01,South_Platte,1.25
2018-03-01,Yampa_White_N_Platte,-1.98
2018-03-01,Arkansas,1.72
2018-03-01,Rio_Grande,-2.43
2018-03-01,San_Juan,-2.84
2018-04-01,Gunnison,-3.53
2018-04-01,Colorado,-2.93
2018-04-01,South_Platte,1.09
2018-04-01,Yampa_White_N_Platte,-2.08
2018-04-01,Arkansas,1.65
2018-04-01,Rio_Grande,-3.24
2018-04-01,San_Juan,-3.14
2018-05-01,Gunnison,-3.48
2018-05-01,Colorado,-1.74
2018-05-01,South_Platte,0.23
2018-05-01,Yampa_White_N_Platte,-1.53
2018-05-01,Arkansas,1.59
2018-05-01,Rio_Grande,-3.67
2018-05-01,San_Juan,-3.31
2018-06-01,Gunnison,-3.65
2018-06-01,Colorado,-3.53
2018-06-01,South_Platte,1.27
2018-06-01,Yampa_White_N_Platte,-2.59
2018-06-01,Arkansas,1.4
2018-06-01,Rio_Grande,-3.67
2018-06-01,San_Juan,-3.34
2018-07-01,Gunnison,-3.68
2018-07-01,Colorado,-3.59
2018-07-01,South_Platte,-0.14
2018-07-01,Yampa_White_N_Platte,-3.59
2018-07-01,Arkansas,0.61
2018-07-01,Rio_Grande,-3.64
2018-07-01,San_Juan,-3.35
2018-08-01,Gunnison,-3.75
2018-08-01,Colorado,-3.65
2018-08-01,South_Platte,-0.23
2018-08-01,Yampa_White_N_Platte,-3.43
2018-08-01,Arkansas,1.58
2018-08-01,Rio_Grande,-1.77
2018-08-01,San_Juan,-2.56
2018-09-01,Gunnison,-3.75
2018-09-01,Colorado,-3.56
2018-09-01,South_Platte,0.56
2018-09-01,Yampa_White_N_Platte,-2.69
2018-09-01,Arkansas,1.8
2018-09-01,Rio_Grande,-1.99
2018-09-01,San_Juan,-2.26
2018-10-01,Gunnison,-3.82
2018-10-01,Colorado,-3.13
2018-10-01,South_Platte,-0.1
2018-10-01,Yampa_White_N_Platte,0.82
2018-10-01,Arkansas,1.95
2018-10-01,Rio_Grande,1.54
2018-10-01,San_Juan,-0.9
2018-11-01,Gunnison,-3.89
2018-11-01,Colorado,-2.85
2018-11-01,South_Platte,-0.06
2018-11-01,Yampa_White_N_Platte,1.42
2018-11-01,Arkansas,2
2018-11-01,Rio_Grande,1.6
2018-11-01,San_Juan,-0.86
2018-12-01,Gunnison,-3.89
2018-12-01,Colorado,-2.78
2018-12-01,South_Platte,-1.03
2018-12-01,Yampa_White_N_Platte,0.49
2018-12-01,Arkansas,1.97
2018-12-01,Rio_Grande,1.67
2018-12-01,San_Juan,-0.87
2019-01-01,Gunnison,-3.9
2019-01-01,Colorado,-2.43
2019-01-01,South_Platte,-0.33
2019-01-01,Yampa_White_N_Platte,0.68
2019-01-01,Arkansas,1.89
2019-01-01,Rio_Grande,1.35
2019-01-01,San_Juan,-0.89
2019-02-01,Gunnison,-1.79
2019-02-01,Colorado,-0.17
2019-02-01,South_Platte,0.38
2019-02-01,Yampa_White_N_Platte,-0.54
2019-02-01,Arkansas,1.38
2019-02-01,Rio_Grande,-0.8
2019-02-01,San_Juan,-1.44
2019-03-01,Gunnison,-0.11
2019-03-01,Colorado,0.45
2019-03-01,South_Platte,0.37
2019-03-01,Yampa_White_N_Platte,-0.33
2019-03-01,Arkansas,1.43
2019-03-01,Rio_Grande,0.58
2019-03-01,San_Juan,0.6
2019-04-01,Gunnison,2.61
2019-04-01,Colorado,2.56
2019-04-01,South_Platte,1.17
2019-04-01,Yampa_White_N_Platte,0.43
2019-04-01,Arkansas,1.73
2019-04-01,Rio_Grande,2.79
2019-04-01,San_Juan,1.87
2019-05-01,Gunnison,3.37
2019-05-01,Colorado,2.71
2019-05-01,South_Platte,0.81
2019-05-01,Yampa_White_N_Platte,0.13
2019-05-01,Arkansas,1.69
2019-05-01,Rio_Grande,2.92
2019-05-01,San_Juan,3.05
2019-06-01,Gunnison,3.46
2019-06-01,Colorado,3.34
2019-06-01,South_Platte,1.77
2019-06-01,Yampa_White_N_Platte,2.4
2019-06-01,Arkansas,2.91
2019-06-01,Rio_Grande,3.94
2019-06-01,San_Juan,2.52
2019-07-01,Gunnison,3.33
2019-07-01,Colorado,3.16
2019-07-01,South_Platte,1.81
2019-07-01,Yampa_White_N_Platte,2.98
2019-07-01,Arkansas,1.63
2019-07-01,Rio_Grande,3.86
2019-07-01,San_Juan,4.04
2019-08-01,Gunnison,3.8
2019-08-01,Colorado,3.63
2019-08-01,South_Platte,3.73
2019-08-01,Yampa_White_N_Platte,3.65
2019-08-01,Arkansas,2.51
2019-08-01,Rio_Grande,3.23
2019-08-01,San_Juan,3.95
2019-09-01,Gunnison,3.07
2019-09-01,Colorado,3.22
2019-09-01,South_Platte,3.17
2019-09-01,Yampa_White_N_Platte,3.08
2019-09-01,Arkansas,2.05
2019-09-01,Rio_Grande,2.79
2019-09-01,San_Juan,3.41
2019-10-01,Gunnison,2.93
2019-10-01,Colorado,3.21
2019-10-01,South_Platte,3.21
2019-10-01,Yampa_White_N_Platte,4.04
2019-10-01,Arkansas,1.98
2019-10-01,Rio_Grande,2.7
2019-10-01,San_Juan,2.53
2019-11-01,Gunnison,2.93
2019-11-01,Colorado,0.89
2019-11-01,South_Platte,3.09
2019-11-01,Yampa_White_N_Platte,4.04
2019-11-01,Arkansas,2
2019-11-01,Rio_Grande,2.31
2019-11-01,San_Juan,2.39
2019-12-01,Gunnison,2.53
2019-12-01,Colorado,1.5
2019-12-01,South_Platte,3.12
2019-12-01,Yampa_White_N_Platte,4.04
2019-12-01,Arkansas,2.02
2019-12-01,Rio_Grande,2.23
2019-12-01,San_Juan,2.33
2020-01-01,Gunnison,-0.35
2020-01-01,Colorado,-0.52
2020-01-01,South_Platte,1.34
2020-01-01,Yampa_White_N_Platte,-0.56
2020-01-01,Arkansas,1.72
2020-01-01,Rio_Grande,-0.15
2020-01-01,San_Juan,-0.05
2020-02-01,Gunnison,-0.51
2020-02-01,Colorado,-0.61
2020-02-01,South_Platte,1.25
2020-02-01,Yampa_White_N_Platte,-0.53
2020-02-01,Arkansas,1.53
2020-02-01,Rio_Grande,-1.09
2020-02-01,San_Juan,-0.72
2020-03-01,Gunnison,-1.63
2020-03-01,Colorado,0.36
2020-03-01,South_Platte,1.61
2020-03-01,Yampa_White_N_Platte,0.01
2020-03-01,Arkansas,1.35
2020-03-01,Rio_Grande,-1.81
2020-03-01,San_Juan,-1.58
2020-04-01,Gunnison,-1.59
2020-04-01,Colorado,-0.25
2020-04-01,South_Platte,1.52
2020-04-01,Yampa_White_N_Platte,-0.06
2020-04-01,Arkansas,1.3
2020-04-01,Rio_Grande,-1.8
2020-04-01,San_Juan,-1.47
2020-05-01,Gunnison,-1.74
2020-05-01,Colorado,-0.62
2020-05-01,South_Platte,1.34
2020-05-01,Yampa_White_N_Platte,-0.42
2020-05-01,Arkansas,0.06
2020-05-01,Rio_Grande,-2.46
2020-05-01,San_Juan,-1.94
2020-06-01,Gunnison,-2.97
2020-06-01,Colorado,-1.71
2020-06-01,South_Platte,0.62
2020-06-01,Yampa_White_N_Platte,-1.32
2020-06-01,Arkansas,0.04
2020-06-01,Rio_Grande,-3.43
2020-06-01,San_Juan,-2.46
2020-07-01,Gunnison,-3.42
2020-07-01,Colorado,-1.35
2020-07-01,South_Platte,0.02
2020-07-01,Yampa_White_N_Platte,-1.32
2020-07-01,Arkansas,-0.02
2020-07-01,Rio_Grande,-2.47
2020-07-01,San_Juan,-2.3
2020-08-01,Gunnison,-3.02
2020-08-01,Colorado,-2.32
2020-08-01,South_Platte,0.11
2020-08-01,Yampa_White_N_Platte,-1.91
2020-08-01,Arkansas,0.04
2020-08-01,Rio_Grande,-2.31
2020-08-01,San_Juan,-1.95
2020-09-01,Gunnison,-3.2
2020-09-01,Colorado,-2.74
2020-09-01,South_Platte,-0.21
2020-09-01,Yampa_White_N_Platte,-2.36
2020-09-01,Arkansas,-0.4
2020-09-01,Rio_Grande,-2.01
2020-09-01,San_Juan,-1.31
2020-10-01,Gunnison,-3.28
2020-10-01,Colorado,-0.61
2020-10-01,South_Platte,0.01
2020-10-01,Yampa_White_N_Platte,1.9
2020-10-01,Arkansas,0.86
2020-10-01,Rio_Grande,0.8
2020-10-01,San_Juan,-0.74
2020-11-01,Gunnison,-3.4
2020-11-01,Colorado,-0.48
2020-11-01,South_Platte,-0.57
2020-11-01,Yampa_White_N_Platte,2.36
2020-11-01,Arkansas,0.97
2020-11-01,Rio_Grande,1.01
2020-11-01,San_Juan,-0.78
2020-12-01,Gunnison,-3.42
2020-12-01,Colorado,0.02
2020-12-01,South_Platte,-1.04
2020-12-01,Yampa_White_N_Platte,2.44
2020-12-01,Arkansas,0.79
2020-12-01,Rio_Grande,1.11
2020-12-01,San_Juan,-0.8
2021-01-01,Gunnison,-3.09
2021-01-01,Colorado,-2.83
2021-01-01,South_Platte,-1.72
2021-01-01,Yampa_White_N_Platte,-2.05
2021-01-01,Arkansas,-0.03
2021-01-01,Rio_Grande,-0.87
2021-01-01,San_Juan,-2.71
2021-02-01,Gunnison,-3.18
2021-02-01,Colorado,-3.26
2021-02-01,South_Platte,-2.29
2021-02-01,Yampa_White_N_Platte,-2.87
2021-02-01,Arkansas,-0.23
2021-02-01,Rio_Grande,-0.87
2021-02-01,San_Juan,-2.81
2021-03-01,Gunnison,-2.99
2021-03-01,Colorado,-2.7
2021-03-01,South_Platte,-1.45
2021-03-01,Yampa_White_N_Platte,-1.6
2021-03-01,Arkansas,-1.97
2021-03-01,Rio_Grande,-1.32
2021-03-01,San_Juan,-3.16
2021-04-01,Gunnison,-3.02
2021-04-01,Colorado,-2.64
2021-04-01,South_Platte,-0.59
2021-04-01,Yampa_White_N_Platte,-2
2021-04-01,Arkansas,-1.41
2021-04-01,Rio_Grande,-1.29
2021-04-01,San_Juan,-3.2
2021-05-01,Gunnison,-3.19
2021-05-01,Colorado,-3.18
2021-05-01,South_Platte,-0.52
2021-05-01,Yampa_White_N_Platte,-2.1
2021-05-01,Arkansas,-1.78
2021-05-01,Rio_Grande,-2.46
2021-05-01,San_Juan,-3.32
2021-06-01,Gunnison,-3.99
2021-06-01,Colorado,-3.54
2021-06-01,South_Platte,0.62
2021-06-01,Yampa_White_N_Platte,-3.63
2021-06-01,Arkansas,-1.3
2021-06-01,Rio_Grande,-2.63
2021-06-01,San_Juan,-3.42
2021-07-01,Gunnison,-3.33
2021-07-01,Colorado,-3.39
2021-07-01,South_Platte,0.73
2021-07-01,Yampa_White_N_Platte,-3.7
2021-07-01,Arkansas,-1.32
2021-07-01,Rio_Grande,-1.46
2021-07-01,San_Juan,-3.25
2021-08-01,Gunnison,-3.71
2021-08-01,Colorado,-3.57
2021-08-01,South_Platte,0.43
2021-08-01,Yampa_White_N_Platte,-3.59
2021-08-01,Arkansas,-1.39
2021-08-01,Rio_Grande,-0.18
2021-08-01,San_Juan,-3.13
2021-10-01,Gunnison,-4.04
2021-10-01,Colorado,-3.37
2021-10-01,South_Platte,0.38
2021-10-01,Yampa_White_N_Platte,-1.3
2021-10-01,Arkansas,-0.82
2021-10-01,Rio_Grande,0.82
2021-10-01,San_Juan,-2.76
2022-01-01,Gunnison,-0.35
2022-01-01,Colorado,1.37
2022-01-01,South_Platte,-0.35
2022-01-01,Yampa_White_N_Platte,0.94
2022-01-01,Arkansas,-1.28
2022-01-01,Rio_Grande,0.13
2022-01-01,San_Juan,-0.81
2021-09-01,Gunnison,-3.67
2021-09-01,Colorado,-2.82
2021-09-01,South_Platte,0.79
2021-09-01,Yampa_White_N_Platte,-2.92
2021-09-01,Arkansas,-1.17
2021-09-01,Rio_Grande,-1.35
2021-09-01,San_Juan,-3.25
2021-11-01,Gunnison,-4.04
2021-11-01,Colorado,-3.23
2021-11-01,South_Platte,-0.08
2021-11-01,Yampa_White_N_Platte,-1.28
2021-11-01,Arkansas,-0.85
2021-11-01,Rio_Grande,0.97
2021-11-01,San_Juan,-2.75
2021-12-01,Gunnison,-4.04
2021-12-01,Colorado,-3.06
2021-12-01,South_Platte,-0.54
2021-12-01,Yampa_White_N_Platte,-1.32
2021-12-01,Arkansas,-1.02
2021-12-01,Rio_Grande,0.97
2021-12-01,San_Juan,-2.74
2022-02-01,Gunnison,-1.89
2022-02-01,Colorado,-0.46
2022-02-01,South_Platte,-0.02
2022-02-01,Yampa_White_N_Platte,-0.04
2022-02-01,Arkansas,-1.75
2022-02-01,Rio_Grande,-1.37
2022-02-01,San_Juan,-2.58
2022-03-01,Gunnison,-1.93
2022-03-01,Colorado,-0.45
2022-03-01,South_Platte,-0.96
2022-03-01,Yampa_White_N_Platte,-0.94
2022-03-01,Arkansas,-2.24
2022-03-01,Rio_Grande,-1.28
2022-03-01,San_Juan,-2.65
2022-08-01,Gunnison,-3.65
2022-08-01,Colorado,-1.61
2022-08-01,South_Platte,0.19
2022-08-01,Yampa_White_N_Platte,-0.49
2022-08-01,Arkansas,-2.06
2022-08-01,Rio_Grande,0.19
2022-08-01,San_Juan,-2.99
2022-04-01,Gunnison,-1.95
2022-04-01,Colorado,-1.3
2022-04-01,South_Platte,-0.67
2022-04-01,Yampa_White_N_Platte,-1.14
2022-04-01,Arkansas,-2.06
2022-04-01,Rio_Grande,-1.48
2022-04-01,San_Juan,-2.65
2022-05-01,Gunnison,-3.06
2022-05-01,Colorado,-1.5
2022-05-01,South_Platte,-0.77
2022-05-01,Yampa_White_N_Platte,-0.6
2022-05-01,Arkansas,-2
2022-05-01,Rio_Grande,-1.74
2022-05-01,San_Juan,-2.92
2022-06-01,Gunnison,-3.39
2022-06-01,Colorado,-0.91
2022-06-01,South_Platte,-0.15
2022-06-01,Yampa_White_N_Platte,-0.62
2022-06-01,Arkansas,-2.26
2022-06-01,Rio_Grande,-3.71
2022-06-01,San_Juan,-3.36
2022-07-01,Gunnison,-3.32
2022-07-01,Colorado,-2
2022-07-01,South_Platte,-0.72
2022-07-01,Yampa_White_N_Platte,NA
2022-07-01,Arkansas,-2.2
2022-07-01,Rio_Grande,-3.06
2022-07-01,San_Juan,-3.29
