WDID,WDID Account ID,Structure Name,WDID Account Name,Source Code,Source Descr,From WDID,From WDID Account,From Structure,From WDID Account Name,Use Code,Use Descr,Type Code,Type Descr,Group WDID,Group Structure,To WDID,To WDID Account ID,To Structure Name,To WDID Account Name,Description,Water Class,Meas Interval,Aggregation Interval,Date,Amount,Obs Code,Units,Data Status,Modified,
"3804625","","FRY ARK PR BOUSTEAD TUNNEL","","","","","","","","","","","","","","","","","","","Total (Diversions)","","Monthly","10/31/2022 00:00","7.75","K","AF","Provisional","02/24/2023 14:18",
"3804625","","FRY ARK PR BOUSTEAD TUNNEL","","","","","","","","","","","","","","","","","","","Total (Diversions)","","Monthly","09/30/2022 00:00","141.62","K","AF","Provisional","02/24/2023 14:18",
"3804625","","FRY ARK PR BOUSTEAD TUNNEL","","","","","","","","","","","","","","","","","","","Total (Diversions)","","Monthly","08/31/2022 00:00","210.85","K","AF","Provisional","02/24/2023 14:18",
"3804625","","FRY ARK PR BOUSTEAD TUNNEL","","","","","","","","","","","","","","","","","","","Total (Diversions)","","Monthly","07/31/2022 00:00","2728.11","K","AF","Provisional","02/24/2023 14:18",
"3804625","","FRY ARK PR BOUSTEAD TUNNEL","","","","","","","","","","","","","","","","","","","Total (Diversions)","","Monthly","06/30/2022 00:00","25158.71","K","AF","Provisional","02/24/2023 14:18",
"3804625","","FRY ARK PR BOUSTEAD TUNNEL","","","","","","","","","","","","","","","","","","","Total (Diversions)","","Monthly","05/31/2022 00:00","22378.64","K","AF","Provisional","02/24/2023 14:18",
"3804625","","FRY ARK PR BOUSTEAD TUNNEL","","","","","","","","","","","","","","","","","","","Total (Diversions)","","Monthly","04/30/2022 00:00","355.05","K","AF","Provisional","02/24/2023 14:18",
"3804625","","FRY ARK PR BOUSTEAD TUNNEL","","","","","","","","","","","","","","","","","","","Total (Diversions)","","Monthly","03/31/2022 00:00","147.37","K","AF","Provisional","02/24/2023 14:18",
"3804625","","FRY ARK PR BOUSTEAD TUNNEL","","","","","","","","","","","","","","","","","","","Total (Diversions)","","Monthly","02/28/2022 00:00","117.03","K","AF","Provisional","02/24/2023 14:18",
"3804625","","FRY ARK PR BOUSTEAD TUNNEL","","","","","","","","","","","","","","","","","","","Total (Diversions)","","Monthly","01/31/2022 00:00","122.98","K","AF","Provisional","02/24/2023 14:18",
"3804625","","FRY ARK PR BOUSTEAD TUNNEL","","","","","","","","","","","","","","","","","","","Total (Diversions)","","Monthly","12/31/2021 00:00","114.45","K","AF","Provisional","02/24/2023 14:18",
"3804625","","FRY ARK PR BOUSTEAD TUNNEL","","","","","","","","","","","","","","","","","","","Total (Diversions)","","Monthly","11/30/2021 00:00","123.97","K","AF","Provisional","02/24/2023 14:18",
"3804625","","FRY ARK PR BOUSTEAD TUNNEL","","","","","","","","","","","","","","","","","","","Total (Diversions)","","Monthly","10/31/2021 00:00","135.99","K","AF","Approved","12/30/2022 16:16",
"3804625","","FRY ARK PR BOUSTEAD TUNNEL","","","","","","","","","","","","","","","","","","","Total (Diversions)","","Monthly","09/30/2021 00:00","124.84","K","AF","Approved","12/30/2022 16:16",
"3804625","","FRY ARK PR BOUSTEAD TUNNEL","","","","","","","","","","","","","","","","","","","Total (Diversions)","","Monthly","08/31/2021 00:00","129.4","K","AF","Approved","12/30/2022 16:16",
"3804625","","FRY ARK PR BOUSTEAD TUNNEL","","","","","","","","","","","","","","","","","","","Total (Diversions)","","Monthly","07/31/2021 00:00","1160.86","K","AF","Approved","12/30/2022 16:16",
"3804625","","FRY ARK PR BOUSTEAD TUNNEL","","","","","","","","","","","","","","","","","","","Total (Diversions)","","Monthly","06/30/2021 00:00","20621.06","K","AF","Approved","12/30/2022 16:16",
"3804625","","FRY ARK PR BOUSTEAD TUNNEL","","","","","","","","","","","","","","","","","","","Total (Diversions)","","Monthly","05/31/2021 00:00","11415.92","K","AF","Approved","12/30/2022 16:16",
"3804625","","FRY ARK PR BOUSTEAD TUNNEL","","","","","","","","","","","","","","","","","","","Total (Diversions)","","Monthly","04/30/2021 00:00","187.8","K","AF","Approved","12/30/2022 16:16",
"3804625","","FRY ARK PR BOUSTEAD TUNNEL","","","","","","","","","","","","","","","","","","","Total (Diversions)","","Monthly","03/31/2021 00:00","147.67","K","AF","Approved","12/30/2022 16:16",
"3804625","","FRY ARK PR BOUSTEAD TUNNEL","","","","","","","","","","","","","","","","","","","Total (Diversions)","","Monthly","02/28/2021 00:00","111.61","K","AF","Approved","12/30/2022 16:16",
"3804625","","FRY ARK PR BOUSTEAD TUNNEL","","","","","","","","","","","","","","","","","","","Total (Diversions)","","Monthly","01/31/2021 00:00","119.9","K","AF","Approved","12/30/2022 16:16",
"3804625","","FRY ARK PR BOUSTEAD TUNNEL","","","","","","","","","","","","","","","","","","","Total (Diversions)","","Monthly","12/31/2020 00:00","119.9","K","AF","Approved","12/30/2022 16:16",
"3804625","","FRY ARK PR BOUSTEAD TUNNEL","","","","","","","","","","","","","","","","","","","Total (Diversions)","","Monthly","11/30/2020 00:00","134.96","K","AF","Approved","12/30/2022 16:16",
"3804625","","FRY ARK PR BOUSTEAD TUNNEL","","","","","","","","","","","","","","","","","","","Total (Diversions)","","Monthly","10/31/2020 00:00","144.87","K","AF","Approved","05/06/2021 15:46",
"3804625","","FRY ARK PR BOUSTEAD TUNNEL","","","","","","","","","","","","","","","","","","","Total (Diversions)","","Monthly","09/30/2020 00:00","154.97","K","AF","Approved","05/06/2021 15:46",
"3804625","","FRY ARK PR BOUSTEAD TUNNEL","","","","","","","","","","","","","","","","","","","Total (Diversions)","","Monthly","08/31/2020 00:00","90.91","K","AF","Approved","05/06/2021 15:46",
"3804625","","FRY ARK PR BOUSTEAD TUNNEL","","","","","","","","","","","","","","","","","","","Total (Diversions)","","Monthly","07/31/2020 00:00","1522.95","K","AF","Approved","05/06/2021 15:46",
"3804625","","FRY ARK PR BOUSTEAD TUNNEL","","","","","","","","","","","","","","","","","","","Total (Diversions)","","Monthly","06/30/2020 00:00","28746.38","K","AF","Approved","05/06/2021 15:46",
"3804625","","FRY ARK PR BOUSTEAD TUNNEL","","","","","","","","","","","","","","","","","","","Total (Diversions)","","Monthly","05/31/2020 00:00","22127.93","K","AF","Approved","05/06/2021 15:46",
"3804625","","FRY ARK PR BOUSTEAD TUNNEL","","","","","","","","","","","","","","","","","","","Total (Diversions)","","Monthly","04/30/2020 00:00","225.07","K","AF","Approved","05/06/2021 15:46",
"3804625","","FRY ARK PR BOUSTEAD TUNNEL","","","","","","","","","","","","","","","","","","","Total (Diversions)","","Monthly","03/31/2020 00:00","120.35","K","AF","Approved","05/06/2021 15:46",
"3804625","","FRY ARK PR BOUSTEAD TUNNEL","","","","","","","","","","","","","","","","","","","Total (Diversions)","","Monthly","02/29/2020 00:00","78.43","K","AF","Approved","05/06/2021 15:46",
"3804625","","FRY ARK PR BOUSTEAD TUNNEL","","","","","","","","","","","","","","","","","","","Total (Diversions)","","Monthly","01/31/2020 00:00","63.33","K","AF","Approved","05/06/2021 15:46",
"3804625","","FRY ARK PR BOUSTEAD TUNNEL","","","","","","","","","","","","","","","","","","","Total (Diversions)","","Monthly","12/31/2019 00:00","59.08","K","AF","Approved","05/06/2021 15:46",
"3804625","","FRY ARK PR BOUSTEAD TUNNEL","","","","","","","","","","","","","","","","","","","Total (Diversions)","","Monthly","11/30/2019 00:00","48.87","K","AF","Approved","05/06/2021 15:46",
"3804625","","FRY ARK PR BOUSTEAD TUNNEL","","","","","","","","","","","","","","","","","","","Total (Diversions)","","Monthly","10/31/2019 00:00","4.25","K","AF","Approved","02/03/2020 11:01",
"3804625","","FRY ARK PR BOUSTEAD TUNNEL","","","","","","","","","","","","","","","","","","","Total (Diversions)","","Monthly","09/30/2019 00:00","105.74","K","AF","Approved","02/03/2020 11:01",
"3804625","","FRY ARK PR BOUSTEAD TUNNEL","","","","","","","","","","","","","","","","","","","Total (Diversions)","","Monthly","08/31/2019 00:00","8921.88","K","AF","Approved","02/03/2020 11:01",
"3804625","","FRY ARK PR BOUSTEAD TUNNEL","","","","","","","","","","","","","","","","","","","Total (Diversions)","","Monthly","07/31/2019 00:00","52470.36","K","AF","Approved","02/03/2020 11:01",
"3804625","","FRY ARK PR BOUSTEAD TUNNEL","","","","","","","","","","","","","","","","","","","Total (Diversions)","","Monthly","06/30/2019 00:00","48106.43","K","AF","Approved","02/03/2020 11:01",
"3804625","","FRY ARK PR BOUSTEAD TUNNEL","","","","","","","","","","","","","","","","","","","Total (Diversions)","","Monthly","05/31/2019 00:00","3987.24","K","AF","Approved","02/03/2020 11:01",
"3804625","","FRY ARK PR BOUSTEAD TUNNEL","","","","","","","","","","","","","","","","","","","Total (Diversions)","","Monthly","04/30/2019 00:00","463.3","K","AF","Approved","02/03/2020 11:01",
"3804625","","FRY ARK PR BOUSTEAD TUNNEL","","","","","","","","","","","","","","","","","","","Total (Diversions)","","Monthly","03/31/2019 00:00","134.77","K","AF","Approved","02/03/2020 11:01",
"3804625","","FRY ARK PR BOUSTEAD TUNNEL","","","","","","","","","","","","","","","","","","","Total (Diversions)","","Monthly","02/28/2019 00:00","122.74","K","AF","Approved","02/03/2020 11:01",
"3804625","","FRY ARK PR BOUSTEAD TUNNEL","","","","","","","","","","","","","","","","","","","Total (Diversions)","","Monthly","01/31/2019 00:00","135.89","K","AF","Approved","02/03/2020 11:01",
"3804625","","FRY ARK PR BOUSTEAD TUNNEL","","","","","","","","","","","","","","","","","","","Total (Diversions)","","Monthly","12/31/2018 00:00","135.89","K","AF","Approved","02/03/2020 11:01",
"3804625","","FRY ARK PR BOUSTEAD TUNNEL","","","","","","","","","","","","","","","","","","","Total (Diversions)","","Monthly","11/30/2018 00:00","122.56","K","AF","Approved","02/03/2020 11:01",
"3804625","","FRY ARK PR BOUSTEAD TUNNEL","","","","","","","","","","","","","","","","","","","Total (Diversions)","","Monthly","10/31/2018 00:00","157.02","K","AF","Approved","01/29/2019 07:41",
"3804625","","FRY ARK PR BOUSTEAD TUNNEL","","","","","","","","","","","","","","","","","","","Total (Diversions)","","Monthly","09/30/2018 00:00","133.15","K","AF","Approved","01/29/2019 07:41",
"3804625","","FRY ARK PR BOUSTEAD TUNNEL","","","","","","","","","","","","","","","","","","","Total (Diversions)","","Monthly","08/31/2018 00:00","406.21","K","AF","Approved","01/29/2019 07:41",
"3804625","","FRY ARK PR BOUSTEAD TUNNEL","","","","","","","","","","","","","","","","","","","Total (Diversions)","","Monthly","07/31/2018 00:00","487.45","K","AF","Approved","01/29/2019 07:41",
"3804625","","FRY ARK PR BOUSTEAD TUNNEL","","","","","","","","","","","","","","","","","","","Total (Diversions)","","Monthly","06/30/2018 00:00","12769.34","K","AF","Approved","01/29/2019 07:41",
"3804625","","FRY ARK PR BOUSTEAD TUNNEL","","","","","","","","","","","","","","","","","","","Total (Diversions)","","Monthly","05/31/2018 00:00","26088.61","K","AF","Approved","01/29/2019 07:41",
"3804625","","FRY ARK PR BOUSTEAD TUNNEL","","","","","","","","","","","","","","","","","","","Total (Diversions)","","Monthly","04/30/2018 00:00","523.48","K","AF","Approved","01/29/2019 07:41",
"3804625","","FRY ARK PR BOUSTEAD TUNNEL","","","","","","","","","","","","","","","","","","","Total (Diversions)","","Monthly","03/31/2018 00:00","174.39","K","AF","Approved","01/29/2019 07:41",
"3804625","","FRY ARK PR BOUSTEAD TUNNEL","","","","","","","","","","","","","","","","","","","Total (Diversions)","","Monthly","02/28/2018 00:00","150.51","K","AF","Approved","01/29/2019 07:41",
"3804625","","FRY ARK PR BOUSTEAD TUNNEL","","","","","","","","","","","","","","","","","","","Total (Diversions)","","Monthly","01/31/2018 00:00","148.17","K","AF","Approved","01/29/2019 07:41",
"3804625","","FRY ARK PR BOUSTEAD TUNNEL","","","","","","","","","","","","","","","","","","","Total (Diversions)","","Monthly","12/31/2017 00:00","135.89","K","AF","Approved","01/29/2019 07:41",
"3804625","","FRY ARK PR BOUSTEAD TUNNEL","","","","","","","","","","","","","","","","","","","Total (Diversions)","","Monthly","11/30/2017 00:00","146.32","K","AF","Approved","01/29/2019 07:41",
"3804625","","FRY ARK PR BOUSTEAD TUNNEL","","","","","","","","","","","","","","","","","","","Total (Diversions)","","Monthly","10/31/2017 00:00","122.98","K","AF","Approved","02/12/2018 11:26",
"3804625","","FRY ARK PR BOUSTEAD TUNNEL","","","","","","","","","","","","","","","","","","","Total (Diversions)","","Monthly","09/30/2017 00:00","126.94","K","AF","Approved","02/12/2018 11:26",
"3804625","","FRY ARK PR BOUSTEAD TUNNEL","","","","","","","","","","","","","","","","","","","Total (Diversions)","","Monthly","08/31/2017 00:00","819.19","K","AF","Approved","02/12/2018 11:26",
"3804625","","FRY ARK PR BOUSTEAD TUNNEL","","","","","","","","","","","","","","","","","","","Total (Diversions)","","Monthly","07/31/2017 00:00","8195.82","K","AF","Approved","02/12/2018 11:26",
"3804625","","FRY ARK PR BOUSTEAD TUNNEL","","","","","","","","","","","","","","","","","","","Total (Diversions)","","Monthly","06/30/2017 00:00","45428.1","K","AF","Approved","02/12/2018 11:26",
"3804625","","FRY ARK PR BOUSTEAD TUNNEL","","","","","","","","","","","","","","","","","","","Total (Diversions)","","Monthly","05/31/2017 00:00","13093.08","K","AF","Approved","02/12/2018 11:26",
"3804625","","FRY ARK PR BOUSTEAD TUNNEL","","","","","","","","","","","","","","","","","","","Total (Diversions)","","Monthly","04/30/2017 00:00","842.99","K","AF","Approved","02/12/2018 11:26",
"3804625","","FRY ARK PR BOUSTEAD TUNNEL","","","","","","","","","","","","","","","","","","","Total (Diversions)","","Monthly","03/31/2017 00:00","122.98","K","AF","Approved","02/12/2018 11:26",
"3804625","","FRY ARK PR BOUSTEAD TUNNEL","","","","","","","","","","","","","","","","","","","Total (Diversions)","","Monthly","02/28/2017 00:00","111.08","K","AF","Approved","02/12/2018 11:26",
"3804625","","FRY ARK PR BOUSTEAD TUNNEL","","","","","","","","","","","","","","","","","","","Total (Diversions)","","Monthly","01/31/2017 00:00","122.98","K","AF","Approved","02/12/2018 11:26",
"3804625","","FRY ARK PR BOUSTEAD TUNNEL","","","","","","","","","","","","","","","","","","","Total (Diversions)","","Monthly","12/31/2016 00:00","122.98","K","AF","Approved","02/12/2018 11:26",
"3804625","","FRY ARK PR BOUSTEAD TUNNEL","","","","","","","","","","","","","","","","","","","Total (Diversions)","","Monthly","11/30/2016 00:00","119.01","K","AF","Approved","02/12/2018 11:26",
"3804625","","FRY ARK PR BOUSTEAD TUNNEL","","","","","","","","","","","","","","","","","","","Total (Diversions)","","Monthly","10/31/2016 00:00","89.26","K","AF","Approved","02/08/2017 15:51",
"3804625","","FRY ARK PR BOUSTEAD TUNNEL","","","","","","","","","","","","","","","","","","","Total (Diversions)","","Monthly","09/30/2016 00:00","136.86","K","AF","Approved","02/08/2017 15:51",
"3804625","","FRY ARK PR BOUSTEAD TUNNEL","","","","","","","","","","","","","","","","","","","Total (Diversions)","","Monthly","08/31/2016 00:00","434.39","K","AF","Approved","02/08/2017 15:51",
"3804625","","FRY ARK PR BOUSTEAD TUNNEL","","","","","","","","","","","","","","","","","","","Total (Diversions)","","Monthly","07/31/2016 00:00","6125.05","K","AF","Approved","02/08/2017 15:51",
"3804625","","FRY ARK PR BOUSTEAD TUNNEL","","","","","","","","","","","","","","","","","","","Total (Diversions)","","Monthly","06/30/2016 00:00","43213.57","K","AF","Approved","02/08/2017 15:51",
"3804625","","FRY ARK PR BOUSTEAD TUNNEL","","","","","","","","","","","","","","","","","","","Total (Diversions)","","Monthly","05/31/2016 00:00","6932.33","K","AF","Approved","02/08/2017 15:51",
"3804625","","FRY ARK PR BOUSTEAD TUNNEL","","","","","","","","","","","","","","","","","","","Total (Diversions)","","Monthly","04/30/2016 00:00","249.92","K","AF","Approved","02/08/2017 15:51",
"3804625","","FRY ARK PR BOUSTEAD TUNNEL","","","","","","","","","","","","","","","","","","","Total (Diversions)","","Monthly","03/31/2016 00:00","184.47","K","AF","Approved","02/08/2017 15:51",
"3804625","","FRY ARK PR BOUSTEAD TUNNEL","","","","","","","","","","","","","","","","","","","Total (Diversions)","","Monthly","02/29/2016 00:00","154.71","K","AF","Approved","02/08/2017 15:51",
"3804625","","FRY ARK PR BOUSTEAD TUNNEL","","","","","","","","","","","","","","","","","","","Total (Diversions)","","Monthly","01/31/2016 00:00","122.98","K","AF","Approved","02/08/2017 15:51",
"3804625","","FRY ARK PR BOUSTEAD TUNNEL","","","","","","","","","","","","","","","","","","","Total (Diversions)","","Monthly","12/31/2015 00:00","122.98","K","AF","Approved","02/08/2017 15:51",
"3804625","","FRY ARK PR BOUSTEAD TUNNEL","","","","","","","","","","","","","","","","","","","Total (Diversions)","","Monthly","11/30/2015 00:00","119.01","K","AF","Approved","02/08/2017 15:51",
"3804625","","FRY ARK PR BOUSTEAD TUNNEL","","","","","","","","","","","","","","","","","","","Total (Diversions)","","Monthly","10/31/2015 00:00","163.64","K","AF","Approved","07/14/2016 11:21",
"3804625","","FRY ARK PR BOUSTEAD TUNNEL","","","","","","","","","","","","","","","","","","","Total (Diversions)","","Monthly","09/30/2015 00:00","168.99","K","AF","Approved","07/14/2016 11:21",
"3804625","","FRY ARK PR BOUSTEAD TUNNEL","","","","","","","","","","","","","","","","","","","Total (Diversions)","","Monthly","08/31/2015 00:00","696.21","K","AF","Approved","07/14/2016 11:21",
"3804625","","FRY ARK PR BOUSTEAD TUNNEL","","","","","","","","","","","","","","","","","","","Total (Diversions)","","Monthly","07/31/2015 00:00","13322.57","K","AF","Approved","07/14/2016 11:21",
"3804625","","FRY ARK PR BOUSTEAD TUNNEL","","","","","","","","","","","","","","","","","","","Total (Diversions)","","Monthly","06/30/2015 00:00","50557.83","K","AF","Approved","07/14/2016 11:21",
"3804625","","FRY ARK PR BOUSTEAD TUNNEL","","","","","","","","","","","","","","","","","","","Total (Diversions)","","Monthly","05/31/2015 00:00","6912.89","K","AF","Approved","07/14/2016 11:21",
"3804625","","FRY ARK PR BOUSTEAD TUNNEL","","","","","","","","","","","","","","","","","","","Total (Diversions)","","Monthly","04/30/2015 00:00","412.57","K","AF","Approved","07/14/2016 11:21",
"3804625","","FRY ARK PR BOUSTEAD TUNNEL","","","","","","","","","","","","","","","","","","","Total (Diversions)","","Monthly","03/31/2015 00:00","197.56","K","AF","Approved","07/14/2016 11:21",
"3804625","","FRY ARK PR BOUSTEAD TUNNEL","","","","","","","","","","","","","","","","","","","Total (Diversions)","","Monthly","02/28/2015 00:00","158.09","K","AF","Approved","07/14/2016 11:21",
"3804625","","FRY ARK PR BOUSTEAD TUNNEL","","","","","","","","","","","","","","","","","","","Total (Diversions)","","Monthly","01/31/2015 00:00","172.17","K","AF","Approved","07/14/2016 11:21",
"3804625","","FRY ARK PR BOUSTEAD TUNNEL","","","","","","","","","","","","","","","","","","","Total (Diversions)","","Monthly","12/31/2014 00:00","170.38","K","AF","Approved","07/14/2016 11:21",
"3804625","","FRY ARK PR BOUSTEAD TUNNEL","","","","","","","","","","","","","","","","","","","Total (Diversions)","","Monthly","11/30/2014 00:00","157.49","K","AF","Approved","07/14/2016 11:21",
"3804625","","FRY ARK PR BOUSTEAD TUNNEL","","","","","","","","","","","","","","","","","","","Total (Diversions)","","Monthly","10/31/2014 00:00","0","K","AF","Approved","04/02/2015 16:53",
"3804625","","FRY ARK PR BOUSTEAD TUNNEL","","","","","","","","","","","","","","","","","","","Total (Diversions)","","Monthly","09/30/2014 00:00","132.46","K","AF","Approved","04/02/2015 16:53",
"3804625","","FRY ARK PR BOUSTEAD TUNNEL","","","","","","","","","","","","","","","","","","","Total (Diversions)","","Monthly","08/31/2014 00:00","2575.61","K","AF","Approved","04/02/2015 16:53",
"3804625","","FRY ARK PR BOUSTEAD TUNNEL","","","","","","","","","","","","","","","","","","","Total (Diversions)","","Monthly","07/31/2014 00:00","13264.64","K","AF","Approved","04/02/2015 16:53",
"3804625","","FRY ARK PR BOUSTEAD TUNNEL","","","","","","","","","","","","","","","","","","","Total (Diversions)","","Monthly","06/30/2014 00:00","46816.05","K","AF","Approved","04/02/2015 16:53",
"3804625","","FRY ARK PR BOUSTEAD TUNNEL","","","","","","","","","","","","","","","","","","","Total (Diversions)","","Monthly","05/31/2014 00:00","17708.01","K","AF","Approved","04/02/2015 16:53",
"3804625","","FRY ARK PR BOUSTEAD TUNNEL","","","","","","","","","","","","","","","","","","","Total (Diversions)","","Monthly","04/30/2014 00:00","748.97","K","AF","Approved","04/02/2015 16:53",
"3804625","","FRY ARK PR BOUSTEAD TUNNEL","","","","","","","","","","","","","","","","","","","Total (Diversions)","","Monthly","03/31/2014 00:00","154.75","K","AF","Approved","04/02/2015 16:53",
"3804625","","FRY ARK PR BOUSTEAD TUNNEL","","","","","","","","","","","","","","","","","","","Total (Diversions)","","Monthly","02/28/2014 00:00","121.17","K","AF","Approved","04/02/2015 16:53",
"3804625","","FRY ARK PR BOUSTEAD TUNNEL","","","","","","","","","","","","","","","","","","","Total (Diversions)","","Monthly","01/31/2014 00:00","135.89","K","AF","Approved","04/02/2015 16:53",
"3804625","","FRY ARK PR BOUSTEAD TUNNEL","","","","","","","","","","","","","","","","","","","Total (Diversions)","","Monthly","12/31/2013 00:00","135.89","K","AF","Approved","04/02/2015 16:53",
"3804625","","FRY ARK PR BOUSTEAD TUNNEL","","","","","","","","","","","","","","","","","","","Total (Diversions)","","Monthly","11/30/2013 00:00","146.48","K","AF","Approved","04/02/2015 16:53",
"3804625","","FRY ARK PR BOUSTEAD TUNNEL","","","","","","","","","","","","","","","","","","","Total (Diversions)","","Monthly","10/31/2013 00:00","229.67","K","AF","Approved","03/24/2014 14:01",
"3804625","","FRY ARK PR BOUSTEAD TUNNEL","","","","","","","","","","","","","","","","","","","Total (Diversions)","","Monthly","09/30/2013 00:00","826.35","K","AF","Approved","03/24/2014 14:01",
"3804625","","FRY ARK PR BOUSTEAD TUNNEL","","","","","","","","","","","","","","","","","","","Total (Diversions)","","Monthly","08/31/2013 00:00","269.74","K","AF","Approved","03/24/2014 14:01",
"3804625","","FRY ARK PR BOUSTEAD TUNNEL","","","","","","","","","","","","","","","","","","","Total (Diversions)","","Monthly","07/31/2013 00:00","2408.23","K","AF","Approved","03/24/2014 14:01",
"3804625","","FRY ARK PR BOUSTEAD TUNNEL","","","","","","","","","","","","","","","","","","","Total (Diversions)","","Monthly","06/30/2013 00:00","32414.95","K","AF","Approved","03/24/2014 14:01",
"3804625","","FRY ARK PR BOUSTEAD TUNNEL","","","","","","","","","","","","","","","","","","","Total (Diversions)","","Monthly","05/31/2013 00:00","12978.68","K","AF","Approved","03/24/2014 14:01",
"3804625","","FRY ARK PR BOUSTEAD TUNNEL","","","","","","","","","","","","","","","","","","","Total (Diversions)","","Monthly","04/30/2013 00:00","225.78","K","AF","Approved","03/24/2014 14:01",
"3804625","","FRY ARK PR BOUSTEAD TUNNEL","","","","","","","","","","","","","","","","","","","Total (Diversions)","","Monthly","03/31/2013 00:00","231.97","K","AF","Approved","03/24/2014 14:01",
"3804625","","FRY ARK PR BOUSTEAD TUNNEL","","","","","","","","","","","","","","","","","","","Total (Diversions)","","Monthly","02/28/2013 00:00","199.98","K","AF","Approved","03/24/2014 14:01",
"3804625","","FRY ARK PR BOUSTEAD TUNNEL","","","","","","","","","","","","","","","","","","","Total (Diversions)","","Monthly","01/31/2013 00:00","210.21","K","AF","Approved","03/24/2014 14:01",
"3804625","","FRY ARK PR BOUSTEAD TUNNEL","","","","","","","","","","","","","","","","","","","Total (Diversions)","","Monthly","12/31/2012 00:00","207.77","K","AF","Approved","03/24/2014 14:01",
"3804625","","FRY ARK PR BOUSTEAD TUNNEL","","","","","","","","","","","","","","","","","","","Total (Diversions)","","Monthly","11/30/2012 00:00","211.4","K","AF","Approved","03/24/2014 14:01",
"3804625","","FRY ARK PR BOUSTEAD TUNNEL","","","","","","","","","","","","","","","","","","","Total (Diversions)","","Monthly","10/31/2012 00:00","98.88","U","AF","Approved","04/04/2013 14:11",
"3804625","","FRY ARK PR BOUSTEAD TUNNEL","","","","","","","","","","","","","","","","","","","Total (Diversions)","","Monthly","09/30/2012 00:00","53.06","U","AF","Approved","04/04/2013 14:11",
"3804625","","FRY ARK PR BOUSTEAD TUNNEL","","","","","","","","","","","","","","","","","","","Total (Diversions)","","Monthly","08/31/2012 00:00","100.27","U","AF","Approved","04/04/2013 14:11",
"3804625","","FRY ARK PR BOUSTEAD TUNNEL","","","","","","","","","","","","","","","","","","","Total (Diversions)","","Monthly","07/31/2012 00:00","105.22","U","AF","Approved","04/04/2013 14:11",
"3804625","","FRY ARK PR BOUSTEAD TUNNEL","","","","","","","","","","","","","","","","","","","Total (Diversions)","","Monthly","06/30/2012 00:00","2181.85","U","AF","Approved","04/04/2013 14:11",
"3804625","","FRY ARK PR BOUSTEAD TUNNEL","","","","","","","","","","","","","","","","","","","Total (Diversions)","","Monthly","05/31/2012 00:00","9342.29","U","AF","Approved","04/04/2013 14:11",
"3804625","","FRY ARK PR BOUSTEAD TUNNEL","","","","","","","","","","","","","","","","","","","Total (Diversions)","","Monthly","04/30/2012 00:00","1739.63","U","AF","Approved","04/04/2013 14:11",
"3804625","","FRY ARK PR BOUSTEAD TUNNEL","","","","","","","","","","","","","","","","","","","Total (Diversions)","","Monthly","03/31/2012 00:00","255.08","U","AF","Approved","04/04/2013 14:11",
"3804625","","FRY ARK PR BOUSTEAD TUNNEL","","","","","","","","","","","","","","","","","","","Total (Diversions)","","Monthly","02/29/2012 00:00","237.13","U","AF","Approved","04/04/2013 14:11",
"3804625","","FRY ARK PR BOUSTEAD TUNNEL","","","","","","","","","","","","","","","","","","","Total (Diversions)","","Monthly","01/31/2012 00:00","252.4","U","AF","Approved","04/04/2013 14:11",
"3804625","","FRY ARK PR BOUSTEAD TUNNEL","","","","","","","","","","","","","","","","","","","Total (Diversions)","","Monthly","12/31/2011 00:00","242.78","U","AF","Approved","04/04/2013 14:11",
"3804625","","FRY ARK PR BOUSTEAD TUNNEL","","","","","","","","","","","","","","","","","","","Total (Diversions)","","Monthly","11/30/2011 00:00","239.9","U","AF","Approved","04/04/2013 14:11",
"3804625","","FRY ARK PR BOUSTEAD TUNNEL","","","","","","","","","","","","","","","","","","","Total (Diversions)","","Monthly","10/31/2011 00:00","264.12","K","AF","Approved","05/30/2012 10:31",
"3804625","","FRY ARK PR BOUSTEAD TUNNEL","","","","","","","","","","","","","","","","","","","Total (Diversions)","","Monthly","09/30/2011 00:00","268.17","K","AF","Approved","05/30/2012 10:31",
"3804625","","FRY ARK PR BOUSTEAD TUNNEL","","","","","","","","","","","","","","","","","","","Total (Diversions)","","Monthly","08/31/2011 00:00","3201.17","K","AF","Approved","05/30/2012 10:31",
"3804625","","FRY ARK PR BOUSTEAD TUNNEL","","","","","","","","","","","","","","","","","","","Total (Diversions)","","Monthly","07/31/2011 00:00","38836.14","K","AF","Approved","05/30/2012 10:31",
"3804625","","FRY ARK PR BOUSTEAD TUNNEL","","","","","","","","","","","","","","","","","","","Total (Diversions)","","Monthly","06/30/2011 00:00","53279.59","K","AF","Approved","05/30/2012 10:31",
"3804625","","FRY ARK PR BOUSTEAD TUNNEL","","","","","","","","","","","","","","","","","","","Total (Diversions)","","Monthly","05/31/2011 00:00","4720.1","K","AF","Approved","05/30/2012 10:31",
"3804625","","FRY ARK PR BOUSTEAD TUNNEL","","","","","","","","","","","","","","","","","","","Total (Diversions)","","Monthly","04/30/2011 00:00","262.62","K","AF","Approved","05/30/2012 10:31",
"3804625","","FRY ARK PR BOUSTEAD TUNNEL","","","","","","","","","","","","","","","","","","","Total (Diversions)","","Monthly","03/31/2011 00:00","272.93","K","AF","Approved","05/30/2012 10:31",
"3804625","","FRY ARK PR BOUSTEAD TUNNEL","","","","","","","","","","","","","","","","","","","Total (Diversions)","","Monthly","02/28/2011 00:00","231.08","K","AF","Approved","05/30/2012 10:31",
"3804625","","FRY ARK PR BOUSTEAD TUNNEL","","","","","","","","","","","","","","","","","","","Total (Diversions)","","Monthly","01/31/2011 00:00","256.27","K","AF","Approved","05/30/2012 10:31",
"3804625","","FRY ARK PR BOUSTEAD TUNNEL","","","","","","","","","","","","","","","","","","","Total (Diversions)","","Monthly","12/31/2010 00:00","238.81","K","AF","Approved","05/30/2012 10:31",
"3804625","","FRY ARK PR BOUSTEAD TUNNEL","","","","","","","","","","","","","","","","","","","Total (Diversions)","","Monthly","11/30/2010 00:00","236.43","K","AF","Approved","05/30/2012 10:31",
"3804625","","FRY ARK PR BOUSTEAD TUNNEL","","","","","","","","","","","","","","","","","","","Total (Diversions)","","Monthly","10/31/2010 00:00","140.63","U","AF","Approved","02/25/2011 12:41",
"3804625","","FRY ARK PR BOUSTEAD TUNNEL","","","","","","","","","","","","","","","","","","","Total (Diversions)","","Monthly","09/30/2010 00:00","145.25","U","AF","Approved","02/25/2011 12:41",
"3804625","","FRY ARK PR BOUSTEAD TUNNEL","","","","","","","","","","","","","","","","","","","Total (Diversions)","","Monthly","08/31/2010 00:00","1460.89","U","AF","Approved","02/25/2011 12:41",
"3804625","","FRY ARK PR BOUSTEAD TUNNEL","","","","","","","","","","","","","","","","","","","Total (Diversions)","","Monthly","07/31/2010 00:00","3178.84","U","AF","Approved","02/25/2011 12:41",
"3804625","","FRY ARK PR BOUSTEAD TUNNEL","","","","","","","","","","","","","","","","","","","Total (Diversions)","","Monthly","06/30/2010 00:00","36595.58","U","AF","Approved","02/25/2011 12:41",
"3804625","","FRY ARK PR BOUSTEAD TUNNEL","","","","","","","","","","","","","","","","","","","Total (Diversions)","","Monthly","05/31/2010 00:00","13571.35","U","AF","Approved","02/25/2011 12:41",
"3804625","","FRY ARK PR BOUSTEAD TUNNEL","","","","","","","","","","","","","","","","","","","Total (Diversions)","","Monthly","04/30/2010 00:00","896.17","U","AF","Approved","02/25/2011 12:41",
"3804625","","FRY ARK PR BOUSTEAD TUNNEL","","","","","","","","","","","","","","","","","","","Total (Diversions)","","Monthly","03/31/2010 00:00","149.06","U","AF","Approved","02/25/2011 12:41",
"3804625","","FRY ARK PR BOUSTEAD TUNNEL","","","","","","","","","","","","","","","","","","","Total (Diversions)","","Monthly","02/28/2010 00:00","107.74","U","AF","Approved","02/25/2011 12:41",
"3804625","","FRY ARK PR BOUSTEAD TUNNEL","","","","","","","","","","","","","","","","","","","Total (Diversions)","","Monthly","01/31/2010 00:00","119.29","U","AF","Approved","02/25/2011 12:41",
"3804625","","FRY ARK PR BOUSTEAD TUNNEL","","","","","","","","","","","","","","","","","","","Total (Diversions)","","Monthly","12/31/2009 00:00","120.38","U","AF","Approved","02/25/2011 12:41",
"3804625","","FRY ARK PR BOUSTEAD TUNNEL","","","","","","","","","","","","","","","","","","","Total (Diversions)","","Monthly","11/30/2009 00:00","124.41","U","AF","Approved","02/25/2011 12:41",
"3804625","","FRY ARK PR BOUSTEAD TUNNEL","","","","","","","","","","","","","","","","","","","Total (Diversions)","","Monthly","10/31/2009 00:00","148.92","U","AF","Approved","03/24/2011 15:22",
"3804625","","FRY ARK PR BOUSTEAD TUNNEL","","","","","","","","","","","","","","","","","","","Total (Diversions)","","Monthly","09/30/2009 00:00","107.39","U","AF","Approved","03/24/2011 15:22",
"3804625","","FRY ARK PR BOUSTEAD TUNNEL","","","","","","","","","","","","","","","","","","","Total (Diversions)","","Monthly","08/31/2009 00:00","173.81","U","AF","Approved","03/24/2011 15:22",
"3804625","","FRY ARK PR BOUSTEAD TUNNEL","","","","","","","","","","","","","","","","","","","Total (Diversions)","","Monthly","07/31/2009 00:00","8731.37","U","AF","Approved","03/24/2011 15:22",
"3804625","","FRY ARK PR BOUSTEAD TUNNEL","","","","","","","","","","","","","","","","","","","Total (Diversions)","","Monthly","06/30/2009 00:00","40550.67","U","AF","Approved","03/24/2011 15:22",
"3804625","","FRY ARK PR BOUSTEAD TUNNEL","","","","","","","","","","","","","","","","","","","Total (Diversions)","","Monthly","05/31/2009 00:00","32897.34","U","AF","Approved","03/24/2011 15:22",
"3804625","","FRY ARK PR BOUSTEAD TUNNEL","","","","","","","","","","","","","","","","","","","Total (Diversions)","","Monthly","04/30/2009 00:00","586.26","U","AF","Approved","03/24/2011 15:22",
"3804625","","FRY ARK PR BOUSTEAD TUNNEL","","","","","","","","","","","","","","","","","","","Total (Diversions)","","Monthly","03/31/2009 00:00","126.92","U","AF","Approved","03/24/2011 15:22",
"3804625","","FRY ARK PR BOUSTEAD TUNNEL","","","","","","","","","","","","","","","","","","","Total (Diversions)","","Monthly","02/28/2009 00:00","114.29","U","AF","Approved","03/24/2011 15:22",
"3804625","","FRY ARK PR BOUSTEAD TUNNEL","","","","","","","","","","","","","","","","","","","Total (Diversions)","","Monthly","01/31/2009 00:00","119.29","U","AF","Approved","03/24/2011 15:22",
"3804625","","FRY ARK PR BOUSTEAD TUNNEL","","","","","","","","","","","","","","","","","","","Total (Diversions)","","Monthly","12/31/2008 00:00","115.74","U","AF","Approved","03/24/2011 15:22",
"3804625","","FRY ARK PR BOUSTEAD TUNNEL","","","","","","","","","","","","","","","","","","","Total (Diversions)","","Monthly","11/30/2008 00:00","95.35","U","AF","Approved","03/24/2011 15:22",
"3804625","","FRY ARK PR BOUSTEAD TUNNEL","","","","","","","","","","","","","","","","","","","Total (Diversions)","","Monthly","10/31/2008 00:00","86.08","U","AF","Approved","04/02/2009 12:51",
"3804625","","FRY ARK PR BOUSTEAD TUNNEL","","","","","","","","","","","","","","","","","","","Total (Diversions)","","Monthly","09/30/2008 00:00","103.16","U","AF","Approved","04/02/2009 12:51",
"3804625","","FRY ARK PR BOUSTEAD TUNNEL","","","","","","","","","","","","","","","","","","","Total (Diversions)","","Monthly","08/31/2008 00:00","3225.37","U","AF","Approved","04/02/2009 12:51",
"3804625","","FRY ARK PR BOUSTEAD TUNNEL","","","","","","","","","","","","","","","","","","","Total (Diversions)","","Monthly","07/31/2008 00:00","27380.23","U","AF","Approved","04/02/2009 12:51",
"3804625","","FRY ARK PR BOUSTEAD TUNNEL","","","","","","","","","","","","","","","","","","","Total (Diversions)","","Monthly","06/30/2008 00:00","47859.87","U","AF","Approved","04/02/2009 12:51",
"3804625","","FRY ARK PR BOUSTEAD TUNNEL","","","","","","","","","","","","","","","","","","","Total (Diversions)","","Monthly","05/31/2008 00:00","11378.55","U","AF","Approved","04/02/2009 12:51",
"3804625","","FRY ARK PR BOUSTEAD TUNNEL","","","","","","","","","","","","","","","","","","","Total (Diversions)","","Monthly","04/30/2008 00:00","136.86","U","AF","Approved","04/02/2009 12:51",
"3804625","","FRY ARK PR BOUSTEAD TUNNEL","","","","","","","","","","","","","","","","","","","Total (Diversions)","","Monthly","03/31/2008 00:00","116.23","U","AF","Approved","04/02/2009 12:51",
"3804625","","FRY ARK PR BOUSTEAD TUNNEL","","","","","","","","","","","","","","","","","","","Total (Diversions)","","Monthly","02/29/2008 00:00","95.41","U","AF","Approved","04/02/2009 12:51",
"3804625","","FRY ARK PR BOUSTEAD TUNNEL","","","","","","","","","","","","","","","","","","","Total (Diversions)","","Monthly","01/31/2008 00:00","104.53","U","AF","Approved","04/02/2009 12:51",
"3804625","","FRY ARK PR BOUSTEAD TUNNEL","","","","","","","","","","","","","","","","","","","Total (Diversions)","","Monthly","12/31/2007 00:00","104.93","U","AF","Approved","04/02/2009 12:51",
"3804625","","FRY ARK PR BOUSTEAD TUNNEL","","","","","","","","","","","","","","","","","","","Total (Diversions)","","Monthly","11/30/2007 00:00","115.24","U","AF","Approved","04/02/2009 12:51",
"3804625","","FRY ARK PR BOUSTEAD TUNNEL","","","","","","","","","","","","","","","","","","","Total (Diversions)","","Monthly","10/31/2007 00:00","64.17","U","AF","Approved","12/02/2009 11:47",
"3804625","","FRY ARK PR BOUSTEAD TUNNEL","","","","","","","","","","","","","","","","","","","Total (Diversions)","","Monthly","09/30/2007 00:00","83.11","U","AF","Approved","12/02/2009 11:47",
"3804625","","FRY ARK PR BOUSTEAD TUNNEL","","","","","","","","","","","","","","","","","","","Total (Diversions)","","Monthly","08/31/2007 00:00","132.4","U","AF","Approved","12/02/2009 11:47",
"3804625","","FRY ARK PR BOUSTEAD TUNNEL","","","","","","","","","","","","","","","","","","","Total (Diversions)","","Monthly","07/31/2007 00:00","5184.47","U","AF","Approved","12/02/2009 11:47",
"3804625","","FRY ARK PR BOUSTEAD TUNNEL","","","","","","","","","","","","","","","","","","","Total (Diversions)","","Monthly","06/30/2007 00:00","29474.81","U","AF","Approved","12/02/2009 11:47",
"3804625","","FRY ARK PR BOUSTEAD TUNNEL","","","","","","","","","","","","","","","","","","","Total (Diversions)","","Monthly","05/31/2007 00:00","26069.14","U","AF","Approved","12/02/2009 11:47",
"3804625","","FRY ARK PR BOUSTEAD TUNNEL","","","","","","","","","","","","","","","","","","","Total (Diversions)","","Monthly","04/30/2007 00:00","687.68","U","AF","Approved","12/02/2009 11:47",
"3804625","","FRY ARK PR BOUSTEAD TUNNEL","","","","","","","","","","","","","","","","","","","Total (Diversions)","","Monthly","03/31/2007 00:00","66.15","U","AF","Approved","12/02/2009 11:47",
"3804625","","FRY ARK PR BOUSTEAD TUNNEL","","","","","","","","","","","","","","","","","","","Total (Diversions)","","Monthly","02/28/2007 00:00","48.3","U","AF","Approved","12/02/2009 11:47",
"3804625","","FRY ARK PR BOUSTEAD TUNNEL","","","","","","","","","","","","","","","","","","","Total (Diversions)","","Monthly","01/31/2007 00:00","30.74","U","AF","Approved","12/02/2009 11:47",
"3804625","","FRY ARK PR BOUSTEAD TUNNEL","","","","","","","","","","","","","","","","","","","Total (Diversions)","","Monthly","12/31/2006 00:00","33.82","U","AF","Approved","12/02/2009 11:47",
"3804625","","FRY ARK PR BOUSTEAD TUNNEL","","","","","","","","","","","","","","","","","","","Total (Diversions)","","Monthly","11/30/2006 00:00","38.68","U","AF","Approved","12/02/2009 11:47",
"3804625","","FRY ARK PR BOUSTEAD TUNNEL","","","","","","","","","","","","","","","","","","","Total (Diversions)","","Monthly","10/31/2006 00:00","64.17","U","AF","Approved","04/26/2007 11:54",
"3804625","","FRY ARK PR BOUSTEAD TUNNEL","","","","","","","","","","","","","","","","","","","Total (Diversions)","","Monthly","09/30/2006 00:00","83.11","U","AF","Approved","04/26/2007 11:54",
"3804625","","FRY ARK PR BOUSTEAD TUNNEL","","","","","","","","","","","","","","","","","","","Total (Diversions)","","Monthly","08/31/2006 00:00","132.4","U","AF","Approved","04/26/2007 11:54",
"3804625","","FRY ARK PR BOUSTEAD TUNNEL","","","","","","","","","","","","","","","","","","","Total (Diversions)","","Monthly","07/31/2006 00:00","5184.47","U","AF","Approved","04/26/2007 11:54",
"3804625","","FRY ARK PR BOUSTEAD TUNNEL","","","","","","","","","","","","","","","","","","","Total (Diversions)","","Monthly","06/30/2006 00:00","29474.81","U","AF","Approved","04/26/2007 11:54",
"3804625","","FRY ARK PR BOUSTEAD TUNNEL","","","","","","","","","","","","","","","","","","","Total (Diversions)","","Monthly","05/31/2006 00:00","26069.14","U","AF","Approved","04/26/2007 11:54",
"3804625","","FRY ARK PR BOUSTEAD TUNNEL","","","","","","","","","","","","","","","","","","","Total (Diversions)","","Monthly","04/30/2006 00:00","687.68","U","AF","Approved","04/26/2007 11:54",
"3804625","","FRY ARK PR BOUSTEAD TUNNEL","","","","","","","","","","","","","","","","","","","Total (Diversions)","","Monthly","03/31/2006 00:00","66.15","U","AF","Approved","04/26/2007 11:54",
"3804625","","FRY ARK PR BOUSTEAD TUNNEL","","","","","","","","","","","","","","","","","","","Total (Diversions)","","Monthly","02/28/2006 00:00","48.3","U","AF","Approved","04/26/2007 11:54",
"3804625","","FRY ARK PR BOUSTEAD TUNNEL","","","","","","","","","","","","","","","","","","","Total (Diversions)","","Monthly","01/31/2006 00:00","30.74","U","AF","Approved","04/26/2007 11:54",
"3804625","","FRY ARK PR BOUSTEAD TUNNEL","","","","","","","","","","","","","","","","","","","Total (Diversions)","","Monthly","12/31/2005 00:00","33.82","U","AF","Approved","04/26/2007 11:54",
"3804625","","FRY ARK PR BOUSTEAD TUNNEL","","","","","","","","","","","","","","","","","","","Total (Diversions)","","Monthly","11/30/2005 00:00","38.68","U","AF","Approved","04/26/2007 11:54",
"3804625","","FRY ARK PR BOUSTEAD TUNNEL","","","","","","","","","","","","","","","","","","","Total (Diversions)","","Monthly","10/31/2005 00:00","50.78","U","AF","Approved","03/14/2006 08:37",
"3804625","","FRY ARK PR BOUSTEAD TUNNEL","","","","","","","","","","","","","","","","","","","Total (Diversions)","","Monthly","09/30/2005 00:00","56.13","U","AF","Approved","03/14/2006 08:37",
"3804625","","FRY ARK PR BOUSTEAD TUNNEL","","","","","","","","","","","","","","","","","","","Total (Diversions)","","Monthly","08/31/2005 00:00","65.26","U","AF","Approved","03/14/2006 08:37",
"3804625","","FRY ARK PR BOUSTEAD TUNNEL","","","","","","","","","","","","","","","","","","","Total (Diversions)","","Monthly","07/31/2005 00:00","6078.44","U","AF","Approved","03/14/2006 08:37",
"3804625","","FRY ARK PR BOUSTEAD TUNNEL","","","","","","","","","","","","","","","","","","","Total (Diversions)","","Monthly","06/30/2005 00:00","31716.17","U","AF","Approved","03/14/2006 08:37",
"3804625","","FRY ARK PR BOUSTEAD TUNNEL","","","","","","","","","","","","","","","","","","","Total (Diversions)","","Monthly","05/31/2005 00:00","16921.24","U","AF","Approved","03/14/2006 08:37",
"3804625","","FRY ARK PR BOUSTEAD TUNNEL","","","","","","","","","","","","","","","","","","","Total (Diversions)","","Monthly","04/30/2005 00:00","190.42","U","AF","Approved","03/14/2006 08:37",
"3804625","","FRY ARK PR BOUSTEAD TUNNEL","","","","","","","","","","","","","","","","","","","Total (Diversions)","","Monthly","03/31/2005 00:00","82.32","U","AF","Approved","03/14/2006 08:37",
"3804625","","FRY ARK PR BOUSTEAD TUNNEL","","","","","","","","","","","","","","","","","","","Total (Diversions)","","Monthly","02/28/2005 00:00","62.68","U","AF","Approved","03/14/2006 08:37",
"3804625","","FRY ARK PR BOUSTEAD TUNNEL","","","","","","","","","","","","","","","","","","","Total (Diversions)","","Monthly","01/31/2005 00:00","50.58","U","AF","Approved","03/14/2006 08:37",
"3804625","","FRY ARK PR BOUSTEAD TUNNEL","","","","","","","","","","","","","","","","","","","Total (Diversions)","","Monthly","12/31/2004 00:00","41.06","U","AF","Approved","03/14/2006 08:37",
"3804625","","FRY ARK PR BOUSTEAD TUNNEL","","","","","","","","","","","","","","","","","","","Total (Diversions)","","Monthly","11/30/2004 00:00","35.7","U","AF","Approved","03/14/2006 08:37",
"3804625","","FRY ARK PR BOUSTEAD TUNNEL","","","","","","","","","","","","","","","","","","","Total (Diversions)","","Monthly","10/31/2004 00:00","41.46","*","AF","Approved","02/18/2005 08:30",
"3804625","","FRY ARK PR BOUSTEAD TUNNEL","","","","","","","","","","","","","","","","","","","Total (Diversions)","","Monthly","09/30/2004 00:00","43.64","*","AF","Approved","02/18/2005 08:30",
"3804625","","FRY ARK PR BOUSTEAD TUNNEL","","","","","","","","","","","","","","","","","","","Total (Diversions)","","Monthly","08/31/2004 00:00","48.79","*","AF","Approved","02/18/2005 08:30",
"3804625","","FRY ARK PR BOUSTEAD TUNNEL","","","","","","","","","","","","","","","","","","","Total (Diversions)","","Monthly","07/31/2004 00:00","1451.23","*","AF","Approved","02/18/2005 08:30",
"3804625","","FRY ARK PR BOUSTEAD TUNNEL","","","","","","","","","","","","","","","","","","","Total (Diversions)","","Monthly","06/30/2004 00:00","9290.71","*","AF","Approved","02/18/2005 08:30",
"3804625","","FRY ARK PR BOUSTEAD TUNNEL","","","","","","","","","","","","","","","","","","","Total (Diversions)","","Monthly","05/31/2004 00:00","16820.08","*","AF","Approved","02/18/2005 08:30",
"3804625","","FRY ARK PR BOUSTEAD TUNNEL","","","","","","","","","","","","","","","","","","","Total (Diversions)","","Monthly","04/30/2004 00:00","170.98","*","AF","Approved","02/18/2005 08:30",
"3804625","","FRY ARK PR BOUSTEAD TUNNEL","","","","","","","","","","","","","","","","","","","Total (Diversions)","","Monthly","03/31/2004 00:00","58.22","*","AF","Approved","02/18/2005 08:30",
"3804625","","FRY ARK PR BOUSTEAD TUNNEL","","","","","","","","","","","","","","","","","","","Total (Diversions)","","Monthly","02/29/2004 00:00","53.46","*","AF","Approved","02/18/2005 08:30",
"3804625","","FRY ARK PR BOUSTEAD TUNNEL","","","","","","","","","","","","","","","","","","","Total (Diversions)","","Monthly","01/31/2004 00:00","52.46","*","AF","Approved","02/18/2005 08:30",
"3804625","","FRY ARK PR BOUSTEAD TUNNEL","","","","","","","","","","","","","","","","","","","Total (Diversions)","","Monthly","12/31/2003 00:00","53.06","*","AF","Approved","02/18/2005 08:30",
"3804625","","FRY ARK PR BOUSTEAD TUNNEL","","","","","","","","","","","","","","","","","","","Total (Diversions)","","Monthly","11/30/2003 00:00","50.88","*","AF","Approved","02/18/2005 08:30",
"3804625","","FRY ARK PR BOUSTEAD TUNNEL","","","","","","","","","","","","","","","","","","","Total (Diversions)","","Monthly","10/31/2003 00:00","71.53","U","AF","Approved","04/27/2004 11:15",
"3804625","","FRY ARK PR BOUSTEAD TUNNEL","","","","","","","","","","","","","","","","","","","Total (Diversions)","","Monthly","09/30/2003 00:00","8.89","U","AF","Approved","04/27/2004 11:15",
"3804625","","FRY ARK PR BOUSTEAD TUNNEL","","","","","","","","","","","","","","","","","","","Total (Diversions)","","Monthly","08/31/2003 00:00","44.61","U","AF","Approved","04/27/2004 11:15",
"3804625","","FRY ARK PR BOUSTEAD TUNNEL","","","","","","","","","","","","","","","","","","","Total (Diversions)","","Monthly","07/31/2003 00:00","4740.41","U","AF","Approved","04/27/2004 11:15",
"3804625","","FRY ARK PR BOUSTEAD TUNNEL","","","","","","","","","","","","","","","","","","","Total (Diversions)","","Monthly","06/30/2003 00:00","33753.22","U","AF","Approved","04/27/2004 11:15",
"3804625","","FRY ARK PR BOUSTEAD TUNNEL","","","","","","","","","","","","","","","","","","","Total (Diversions)","","Monthly","05/31/2003 00:00","17922.89","U","AF","Approved","04/27/2004 11:15",
"3804625","","FRY ARK PR BOUSTEAD TUNNEL","","","","","","","","","","","","","","","","","","","Total (Diversions)","","Monthly","04/30/2003 00:00","234.51","U","AF","Approved","04/27/2004 11:15",
"3804625","","FRY ARK PR BOUSTEAD TUNNEL","","","","","","","","","","","","","","","","","","","Total (Diversions)","","Monthly","03/31/2003 00:00","254.13","U","AF","Approved","04/27/2004 11:15",
"3804625","","FRY ARK PR BOUSTEAD TUNNEL","","","","","","","","","","","","","","","","","","","Total (Diversions)","","Monthly","02/28/2003 00:00","222.71","U","AF","Approved","04/27/2004 11:15",
"3804625","","FRY ARK PR BOUSTEAD TUNNEL","","","","","","","","","","","","","","","","","","","Total (Diversions)","","Monthly","01/31/2003 00:00","226.67","U","AF","Approved","04/27/2004 11:15",
"3804625","","FRY ARK PR BOUSTEAD TUNNEL","","","","","","","","","","","","","","","","","","","Total (Diversions)","","Monthly","12/31/2002 00:00","229.41","U","AF","Approved","04/27/2004 11:15",
"3804625","","FRY ARK PR BOUSTEAD TUNNEL","","","","","","","","","","","","","","","","","","","Total (Diversions)","","Monthly","11/30/2002 00:00","231.14","U","AF","Approved","04/27/2004 11:15",
"3804625","","FRY ARK PR BOUSTEAD TUNNEL","","","","","","","","","","","","","","","","","","","Total (Diversions)","","Monthly","10/31/2002 00:00","232.47","*","AF","Approved","08/08/2003 15:15",
"3804625","","FRY ARK PR BOUSTEAD TUNNEL","","","","","","","","","","","","","","","","","","","Total (Diversions)","","Monthly","09/30/2002 00:00","226.71","*","AF","Approved","08/08/2003 15:15",
"3804625","","FRY ARK PR BOUSTEAD TUNNEL","","","","","","","","","","","","","","","","","","","Total (Diversions)","","Monthly","08/31/2002 00:00","237.23","*","AF","Approved","08/08/2003 15:15",
"3804625","","FRY ARK PR BOUSTEAD TUNNEL","","","","","","","","","","","","","","","","","","","Total (Diversions)","","Monthly","07/31/2002 00:00","191.21","*","AF","Approved","08/08/2003 15:15",
"3804625","","FRY ARK PR BOUSTEAD TUNNEL","","","","","","","","","","","","","","","","","","","Total (Diversions)","","Monthly","06/30/2002 00:00","4605.29","*","AF","Approved","08/08/2003 15:15",
"3804625","","FRY ARK PR BOUSTEAD TUNNEL","","","","","","","","","","","","","","","","","","","Total (Diversions)","","Monthly","05/31/2002 00:00","9363.11","*","AF","Approved","08/08/2003 15:15",
"3804625","","FRY ARK PR BOUSTEAD TUNNEL","","","","","","","","","","","","","","","","","","","Total (Diversions)","","Monthly","04/30/2002 00:00","311.61","*","AF","Approved","08/08/2003 15:15",
"3804625","","FRY ARK PR BOUSTEAD TUNNEL","","","","","","","","","","","","","","","","","","","Total (Diversions)","","Monthly","03/31/2002 00:00","155.31","*","AF","Approved","08/08/2003 15:15",
"3804625","","FRY ARK PR BOUSTEAD TUNNEL","","","","","","","","","","","","","","","","","","","Total (Diversions)","","Monthly","02/28/2002 00:00","125.95","*","AF","Approved","08/08/2003 15:15",
"3804625","","FRY ARK PR BOUSTEAD TUNNEL","","","","","","","","","","","","","","","","","","","Total (Diversions)","","Monthly","01/31/2002 00:00","144.99","*","AF","Approved","08/08/2003 15:15",
"3804625","","FRY ARK PR BOUSTEAD TUNNEL","","","","","","","","","","","","","","","","","","","Total (Diversions)","","Monthly","12/31/2001 00:00","137.26","*","AF","Approved","08/08/2003 15:15",
"3804625","","FRY ARK PR BOUSTEAD TUNNEL","","","","","","","","","","","","","","","","","","","Total (Diversions)","","Monthly","11/30/2001 00:00","130.91","*","AF","Approved","08/08/2003 15:15",
"3804625","","FRY ARK PR BOUSTEAD TUNNEL","","","","","","","","","","","","","","","","","","","Total (Diversions)","","Monthly","10/31/2001 00:00","152.33","*","AF","Approved","05/30/2002 15:22",
"3804625","","FRY ARK PR BOUSTEAD TUNNEL","","","","","","","","","","","","","","","","","","","Total (Diversions)","","Monthly","09/30/2001 00:00","173.36","*","AF","Approved","05/30/2002 15:22",
"3804625","","FRY ARK PR BOUSTEAD TUNNEL","","","","","","","","","","","","","","","","","","","Total (Diversions)","","Monthly","08/31/2001 00:00","536.54","*","AF","Approved","05/30/2002 15:22",
"3804625","","FRY ARK PR BOUSTEAD TUNNEL","","","","","","","","","","","","","","","","","","","Total (Diversions)","","Monthly","07/31/2001 00:00","2611.28","*","AF","Approved","05/30/2002 15:22",
"3804625","","FRY ARK PR BOUSTEAD TUNNEL","","","","","","","","","","","","","","","","","","","Total (Diversions)","","Monthly","06/30/2001 00:00","24986.15","*","AF","Approved","05/30/2002 15:22",
"3804625","","FRY ARK PR BOUSTEAD TUNNEL","","","","","","","","","","","","","","","","","","","Total (Diversions)","","Monthly","05/31/2001 00:00","21181.8","*","AF","Approved","05/30/2002 15:22",
"3804625","","FRY ARK PR BOUSTEAD TUNNEL","","","","","","","","","","","","","","","","","","","Total (Diversions)","","Monthly","04/30/2001 00:00","154.12","*","AF","Approved","05/30/2002 15:22",
"3804625","","FRY ARK PR BOUSTEAD TUNNEL","","","","","","","","","","","","","","","","","","","Total (Diversions)","","Monthly","03/31/2001 00:00","160.66","*","AF","Approved","05/30/2002 15:22",
"3804625","","FRY ARK PR BOUSTEAD TUNNEL","","","","","","","","","","","","","","","","","","","Total (Diversions)","","Monthly","02/28/2001 00:00","136.86","*","AF","Approved","05/30/2002 15:22",
"3804625","","FRY ARK PR BOUSTEAD TUNNEL","","","","","","","","","","","","","","","","","","","Total (Diversions)","","Monthly","01/31/2001 00:00","135.27","*","AF","Approved","05/30/2002 15:22",
"3804625","","FRY ARK PR BOUSTEAD TUNNEL","","","","","","","","","","","","","","","","","","","Total (Diversions)","","Monthly","12/31/2000 00:00","135.27","*","AF","Approved","05/30/2002 15:22",
"3804625","","FRY ARK PR BOUSTEAD TUNNEL","","","","","","","","","","","","","","","","","","","Total (Diversions)","","Monthly","11/30/2000 00:00","149.16","*","AF","Approved","05/30/2002 15:22",
"3804625","","FRY ARK PR BOUSTEAD TUNNEL","","","","","","","","","","","","","","","","","","","Total (Diversions)","","Monthly","10/31/2000 00:00","186.65","*","AF","Approved","06/05/2001 11:27",
"3804625","","FRY ARK PR BOUSTEAD TUNNEL","","","","","","","","","","","","","","","","","","","Total (Diversions)","","Monthly","09/30/2000 00:00","144.8","*","AF","Approved","06/05/2001 11:27",
"3804625","","FRY ARK PR BOUSTEAD TUNNEL","","","","","","","","","","","","","","","","","","","Total (Diversions)","","Monthly","08/31/2000 00:00","133.69","*","AF","Approved","06/05/2001 11:27",
"3804625","","FRY ARK PR BOUSTEAD TUNNEL","","","","","","","","","","","","","","","","","","","Total (Diversions)","","Monthly","07/31/2000 00:00","2868.34","*","AF","Approved","06/05/2001 11:27",
"3804625","","FRY ARK PR BOUSTEAD TUNNEL","","","","","","","","","","","","","","","","","","","Total (Diversions)","","Monthly","06/30/2000 00:00","26086.99","*","AF","Approved","06/05/2001 11:27",
"3804625","","FRY ARK PR BOUSTEAD TUNNEL","","","","","","","","","","","","","","","","","","","Total (Diversions)","","Monthly","05/31/2000 00:00","20306.08","*","AF","Approved","06/05/2001 11:27",
"3804625","","FRY ARK PR BOUSTEAD TUNNEL","","","","","","","","","","","","","","","","","","","Total (Diversions)","","Monthly","04/30/2000 00:00","166.61","*","AF","Approved","06/05/2001 11:27",
"3804625","","FRY ARK PR BOUSTEAD TUNNEL","","","","","","","","","","","","","","","","","","","Total (Diversions)","","Monthly","03/31/2000 00:00","199.34","*","AF","Approved","06/05/2001 11:27",
"3804625","","FRY ARK PR BOUSTEAD TUNNEL","","","","","","","","","","","","","","","","","","","Total (Diversions)","","Monthly","02/29/2000 00:00","164.83","*","AF","Approved","06/05/2001 11:27",
"3804625","","FRY ARK PR BOUSTEAD TUNNEL","","","","","","","","","","","","","","","","","","","Total (Diversions)","","Monthly","01/31/2000 00:00","146.18","*","AF","Approved","06/05/2001 11:27",
"3804625","","FRY ARK PR BOUSTEAD TUNNEL","","","","","","","","","","","","","","","","","","","Total (Diversions)","","Monthly","12/31/1999 00:00","135.27","*","AF","Approved","06/05/2001 11:27",
"3804625","","FRY ARK PR BOUSTEAD TUNNEL","","","","","","","","","","","","","","","","","","","Total (Diversions)","","Monthly","11/30/1999 00:00","142.02","*","AF","Approved","06/05/2001 11:27",
"3804625","","FRY ARK PR BOUSTEAD TUNNEL","","","","","","","","","","","","","","","","","","","Total (Diversions)","","Monthly","10/31/1999 00:00","180.92","U","AF","Approved","01/24/2001 18:48",
"3804625","","FRY ARK PR BOUSTEAD TUNNEL","","","","","","","","","","","","","","","","","","","Total (Diversions)","","Monthly","09/30/1999 00:00","130.91","U","AF","Approved","01/24/2001 18:48",
"3804625","","FRY ARK PR BOUSTEAD TUNNEL","","","","","","","","","","","","","","","","","","","Total (Diversions)","","Monthly","08/31/1999 00:00","1424.55","U","AF","Approved","01/24/2001 18:48",
"3804625","","FRY ARK PR BOUSTEAD TUNNEL","","","","","","","","","","","","","","","","","","","Total (Diversions)","","Monthly","07/31/1999 00:00","1364.65","U","AF","Approved","01/24/2001 18:48",
"3804625","","FRY ARK PR BOUSTEAD TUNNEL","","","","","","","","","","","","","","","","","","","Total (Diversions)","","Monthly","06/30/1999 00:00","30595.51","U","AF","Approved","01/24/2001 18:48",
"3804625","","FRY ARK PR BOUSTEAD TUNNEL","","","","","","","","","","","","","","","","","","","Total (Diversions)","","Monthly","05/31/1999 00:00","9280","U","AF","Approved","01/24/2001 18:48",
"3804625","","FRY ARK PR BOUSTEAD TUNNEL","","","","","","","","","","","","","","","","","","","Total (Diversions)","","Monthly","04/30/1999 00:00","135.47","U","AF","Approved","01/24/2001 18:48",
"3804625","","FRY ARK PR BOUSTEAD TUNNEL","","","","","","","","","","","","","","","","","","","Total (Diversions)","","Monthly","03/31/1999 00:00","164.43","U","AF","Approved","01/24/2001 18:48",
"3804625","","FRY ARK PR BOUSTEAD TUNNEL","","","","","","","","","","","","","","","","","","","Total (Diversions)","","Monthly","02/28/1999 00:00","166.81","U","AF","Approved","01/24/2001 18:48",
"3804625","","FRY ARK PR BOUSTEAD TUNNEL","","","","","","","","","","","","","","","","","","","Total (Diversions)","","Monthly","01/31/1999 00:00","161.06","U","AF","Approved","01/24/2001 18:48",
"3804625","","FRY ARK PR BOUSTEAD TUNNEL","","","","","","","","","","","","","","","","","","","Total (Diversions)","","Monthly","12/31/1998 00:00","143.41","U","AF","Approved","01/24/2001 18:48",
"3804625","","FRY ARK PR BOUSTEAD TUNNEL","","","","","","","","","","","","","","","","","","","Total (Diversions)","","Monthly","11/30/1998 00:00","152.33","U","AF","Approved","01/24/2001 18:48",
"3804625","","FRY ARK PR BOUSTEAD TUNNEL","","","","","","","","","","","","","","","","","","","Total (Diversions)","","Monthly","10/31/1998 00:00","160.07","*","AF","Approved","",
"3804625","","FRY ARK PR BOUSTEAD TUNNEL","","","","","","","","","","","","","","","","","","","Total (Diversions)","","Monthly","09/30/1998 00:00","137.65","*","AF","Approved","",
"3804625","","FRY ARK PR BOUSTEAD TUNNEL","","","","","","","","","","","","","","","","","","","Total (Diversions)","","Monthly","08/31/1998 00:00","2787.21","*","AF","Approved","",
"3804625","","FRY ARK PR BOUSTEAD TUNNEL","","","","","","","","","","","","","","","","","","","Total (Diversions)","","Monthly","07/31/1998 00:00","18500.1","*","AF","Approved","",
"3804625","","FRY ARK PR BOUSTEAD TUNNEL","","","","","","","","","","","","","","","","","","","Total (Diversions)","","Monthly","06/30/1998 00:00","28189.5","*","AF","Approved","",
"3804625","","FRY ARK PR BOUSTEAD TUNNEL","","","","","","","","","","","","","","","","","","","Total (Diversions)","","Monthly","05/31/1998 00:00","3259.09","*","AF","Approved","",
"3804625","","FRY ARK PR BOUSTEAD TUNNEL","","","","","","","","","","","","","","","","","","","Total (Diversions)","","Monthly","04/30/1998 00:00","169.19","*","AF","Approved","",
"3804625","","FRY ARK PR BOUSTEAD TUNNEL","","","","","","","","","","","","","","","","","","","Total (Diversions)","","Monthly","03/31/1998 00:00","194.58","*","AF","Approved","",
"3804625","","FRY ARK PR BOUSTEAD TUNNEL","","","","","","","","","","","","","","","","","","","Total (Diversions)","","Monthly","02/28/1998 00:00","190.81","*","AF","Approved","",
"3804625","","FRY ARK PR BOUSTEAD TUNNEL","","","","","","","","","","","","","","","","","","","Total (Diversions)","","Monthly","01/31/1998 00:00","190.61","*","AF","Approved","",
"3804625","","FRY ARK PR BOUSTEAD TUNNEL","","","","","","","","","","","","","","","","","","","Total (Diversions)","","Monthly","12/31/1997 00:00","190.61","*","AF","Approved","",
"3804625","","FRY ARK PR BOUSTEAD TUNNEL","","","","","","","","","","","","","","","","","","","Total (Diversions)","","Monthly","11/30/1997 00:00","177.72","*","AF","Approved","",
"3804625","","FRY ARK PR BOUSTEAD TUNNEL","","","","","","","","","","","","","","","","","","","Total (Diversions)","","Monthly","10/31/1997 00:00","172.17","*","AF","Approved","",
"3804625","","FRY ARK PR BOUSTEAD TUNNEL","","","","","","","","","","","","","","","","","","","Total (Diversions)","","Monthly","09/30/1997 00:00","145.79","*","AF","Approved","",
"3804625","","FRY ARK PR BOUSTEAD TUNNEL","","","","","","","","","","","","","","","","","","","Total (Diversions)","","Monthly","08/31/1997 00:00","3562.17","*","AF","Approved","",
"3804625","","FRY ARK PR BOUSTEAD TUNNEL","","","","","","","","","","","","","","","","","","","Total (Diversions)","","Monthly","07/31/1997 00:00","13569.12","*","AF","Approved","",
"3804625","","FRY ARK PR BOUSTEAD TUNNEL","","","","","","","","","","","","","","","","","","","Total (Diversions)","","Monthly","06/30/1997 00:00","48145.5","*","AF","Approved","",
"3804625","","FRY ARK PR BOUSTEAD TUNNEL","","","","","","","","","","","","","","","","","","","Total (Diversions)","","Monthly","05/31/1997 00:00","12886.6","*","AF","Approved","",
"3804625","","FRY ARK PR BOUSTEAD TUNNEL","","","","","","","","","","","","","","","","","","","Total (Diversions)","","Monthly","04/30/1997 00:00","186.05","*","AF","Approved","",
"3804625","","FRY ARK PR BOUSTEAD TUNNEL","","","","","","","","","","","","","","","","","","","Total (Diversions)","","Monthly","03/31/1997 00:00","184.27","*","AF","Approved","",
"3804625","","FRY ARK PR BOUSTEAD TUNNEL","","","","","","","","","","","","","","","","","","","Total (Diversions)","","Monthly","02/28/1997 00:00","146.18","*","AF","Approved","",
"3804625","","FRY ARK PR BOUSTEAD TUNNEL","","","","","","","","","","","","","","","","","","","Total (Diversions)","","Monthly","01/31/1997 00:00","153.72","*","AF","Approved","",
"3804625","","FRY ARK PR BOUSTEAD TUNNEL","","","","","","","","","","","","","","","","","","","Total (Diversions)","","Monthly","12/31/1996 00:00","153.72","*","AF","Approved","",
"3804625","","FRY ARK PR BOUSTEAD TUNNEL","","","","","","","","","","","","","","","","","","","Total (Diversions)","","Monthly","11/30/1996 00:00","132.89","*","AF","Approved","",
"3804625","","FRY ARK PR BOUSTEAD TUNNEL","","","","","","","","","","","","","","","","","","","Total (Diversions)","","Monthly","10/31/1996 00:00","100.27","*","AF","Approved","",
"3804625","","FRY ARK PR BOUSTEAD TUNNEL","","","","","","","","","","","","","","","","","","","Total (Diversions)","","Monthly","09/30/1996 00:00","194.38","*","AF","Approved","",
"3804625","","FRY ARK PR BOUSTEAD TUNNEL","","","","","","","","","","","","","","","","","","","Total (Diversions)","","Monthly","08/31/1996 00:00","790.03","*","AF","Approved","",
"3804625","","FRY ARK PR BOUSTEAD TUNNEL","","","","","","","","","","","","","","","","","","","Total (Diversions)","","Monthly","07/31/1996 00:00","8711.53","*","AF","Approved","",
"3804625","","FRY ARK PR BOUSTEAD TUNNEL","","","","","","","","","","","","","","","","","","","Total (Diversions)","","Monthly","06/30/1996 00:00","26465.84","*","AF","Approved","",
"3804625","","FRY ARK PR BOUSTEAD TUNNEL","","","","","","","","","","","","","","","","","","","Total (Diversions)","","Monthly","05/31/1996 00:00","1290.47","*","AF","Approved","",
"3804625","","FRY ARK PR BOUSTEAD TUNNEL","","","","","","","","","","","","","","","","","","","Total (Diversions)","","Monthly","04/30/1996 00:00","192.6","*","AF","Approved","",
"3804625","","FRY ARK PR BOUSTEAD TUNNEL","","","","","","","","","","","","","","","","","","","Total (Diversions)","","Monthly","03/31/1996 00:00","181.09","*","AF","Approved","",
"3804625","","FRY ARK PR BOUSTEAD TUNNEL","","","","","","","","","","","","","","","","","","","Total (Diversions)","","Monthly","02/29/1996 00:00","136.27","*","AF","Approved","",
"3804625","","FRY ARK PR BOUSTEAD TUNNEL","","","","","","","","","","","","","","","","","","","Total (Diversions)","","Monthly","01/31/1996 00:00","135.27","*","AF","Approved","",
"3804625","","FRY ARK PR BOUSTEAD TUNNEL","","","","","","","","","","","","","","","","","","","Total (Diversions)","","Monthly","12/31/1995 00:00","145.79","*","AF","Approved","",
"3804625","","FRY ARK PR BOUSTEAD TUNNEL","","","","","","","","","","","","","","","","","","","Total (Diversions)","","Monthly","11/30/1995 00:00","148.76","*","AF","Approved","",
"3804625","","FRY ARK PR BOUSTEAD TUNNEL","","","","","","","","","","","","","","","","","","","Total (Diversions)","","Monthly","10/31/1995 00:00","136.66","*","AF","Approved","",
"3804625","","FRY ARK PR BOUSTEAD TUNNEL","","","","","","","","","","","","","","","","","","","Total (Diversions)","","Monthly","09/30/1995 00:00","1235.72","*","AF","Approved","",
"3804625","","FRY ARK PR BOUSTEAD TUNNEL","","","","","","","","","","","","","","","","","","","Total (Diversions)","","Monthly","08/31/1995 00:00","9910.95","*","AF","Approved","",
"3804625","","FRY ARK PR BOUSTEAD TUNNEL","","","","","","","","","","","","","","","","","","","Total (Diversions)","","Monthly","07/31/1995 00:00","36129.45","*","AF","Approved","",
"3804625","","FRY ARK PR BOUSTEAD TUNNEL","","","","","","","","","","","","","","","","","","","Total (Diversions)","","Monthly","06/30/1995 00:00","41495.81","*","AF","Approved","",
"3804625","","FRY ARK PR BOUSTEAD TUNNEL","","","","","","","","","","","","","","","","","","","Total (Diversions)","","Monthly","05/31/1995 00:00","1667.93","*","AF","Approved","",
"3804625","","FRY ARK PR BOUSTEAD TUNNEL","","","","","","","","","","","","","","","","","","","Total (Diversions)","","Monthly","04/30/1995 00:00","104.33","*","AF","Approved","",
"3804625","","FRY ARK PR BOUSTEAD TUNNEL","","","","","","","","","","","","","","","","","","","Total (Diversions)","","Monthly","03/31/1995 00:00","117.03","*","AF","Approved","",
"3804625","","FRY ARK PR BOUSTEAD TUNNEL","","","","","","","","","","","","","","","","","","","Total (Diversions)","","Monthly","02/28/1995 00:00","108.5","*","AF","Approved","",
"3804625","","FRY ARK PR BOUSTEAD TUNNEL","","","","","","","","","","","","","","","","","","","Total (Diversions)","","Monthly","01/31/1995 00:00","135.27","*","AF","Approved","",
"3804625","","FRY ARK PR BOUSTEAD TUNNEL","","","","","","","","","","","","","","","","","","","Total (Diversions)","","Monthly","12/31/1994 00:00","135.27","*","AF","Approved","",
"3804625","","FRY ARK PR BOUSTEAD TUNNEL","","","","","","","","","","","","","","","","","","","Total (Diversions)","","Monthly","11/30/1994 00:00","131.31","*","AF","Approved","",
"3804625","","FRY ARK PR BOUSTEAD TUNNEL","","","","","","","","","","","","","","","","","","","Total (Diversions)","","Monthly","10/31/1994 00:00","131.51","*","AF","Approved","",
"3804625","","FRY ARK PR BOUSTEAD TUNNEL","","","","","","","","","","","","","","","","","","","Total (Diversions)","","Monthly","09/30/1994 00:00","36.44","*","AF","Approved","",
"3804625","","FRY ARK PR BOUSTEAD TUNNEL","","","","","","","","","","","","","","","","","","","Total (Diversions)","","Monthly","08/31/1994 00:00","94.45","*","AF","Approved","",
"3804625","","FRY ARK PR BOUSTEAD TUNNEL","","","","","","","","","","","","","","","","","","","Total (Diversions)","","Monthly","07/31/1994 00:00","1717.12","*","AF","Approved","",
"3804625","","FRY ARK PR BOUSTEAD TUNNEL","","","","","","","","","","","","","","","","","","","Total (Diversions)","","Monthly","06/30/1994 00:00","31910.75","*","AF","Approved","",
"3804625","","FRY ARK PR BOUSTEAD TUNNEL","","","","","","","","","","","","","","","","","","","Total (Diversions)","","Monthly","05/31/1994 00:00","19928.42","*","AF","Approved","",
"3804625","","FRY ARK PR BOUSTEAD TUNNEL","","","","","","","","","","","","","","","","","","","Total (Diversions)","","Monthly","04/30/1994 00:00","526.62","*","AF","Approved","",
"3804625","","FRY ARK PR BOUSTEAD TUNNEL","","","","","","","","","","","","","","","","","","","Total (Diversions)","","Monthly","03/31/1994 00:00","156.1","*","AF","Approved","",
"3804625","","FRY ARK PR BOUSTEAD TUNNEL","","","","","","","","","","","","","","","","","","","Total (Diversions)","","Monthly","02/28/1994 00:00","150.94","*","AF","Approved","",
"3804625","","FRY ARK PR BOUSTEAD TUNNEL","","","","","","","","","","","","","","","","","","","Total (Diversions)","","Monthly","01/31/1994 00:00","147.57","*","AF","Approved","",
"3804625","","FRY ARK PR BOUSTEAD TUNNEL","","","","","","","","","","","","","","","","","","","Total (Diversions)","","Monthly","12/31/1993 00:00","149.36","*","AF","Approved","",
"3804625","","FRY ARK PR BOUSTEAD TUNNEL","","","","","","","","","","","","","","","","","","","Total (Diversions)","","Monthly","11/30/1993 00:00","154.71","*","AF","Approved","",
"3804625","","FRY ARK PR BOUSTEAD TUNNEL","","","","","","","","","","","","","","","","","","","Total (Diversions)","","Monthly","10/31/1993 00:00","561.13","*","AF","Approved","",
"3804625","","FRY ARK PR BOUSTEAD TUNNEL","","","","","","","","","","","","","","","","","","","Total (Diversions)","","Monthly","09/30/1993 00:00","929.86","*","AF","Approved","",
"3804625","","FRY ARK PR BOUSTEAD TUNNEL","","","","","","","","","","","","","","","","","","","Total (Diversions)","","Monthly","08/31/1993 00:00","2792.57","*","AF","Approved","",
"3804625","","FRY ARK PR BOUSTEAD TUNNEL","","","","","","","","","","","","","","","","","","","Total (Diversions)","","Monthly","07/31/1993 00:00","25174.78","*","AF","Approved","",
"3804625","","FRY ARK PR BOUSTEAD TUNNEL","","","","","","","","","","","","","","","","","","","Total (Diversions)","","Monthly","06/30/1993 00:00","43873.04","*","AF","Approved","",
"3804625","","FRY ARK PR BOUSTEAD TUNNEL","","","","","","","","","","","","","","","","","","","Total (Diversions)","","Monthly","05/31/1993 00:00","15668.46","*","AF","Approved","",
"3804625","","FRY ARK PR BOUSTEAD TUNNEL","","","","","","","","","","","","","","","","","","","Total (Diversions)","","Monthly","04/30/1993 00:00","225.52","*","AF","Approved","",
"3804625","","FRY ARK PR BOUSTEAD TUNNEL","","","","","","","","","","","","","","","","","","","Total (Diversions)","","Monthly","03/31/1993 00:00","201.13","*","AF","Approved","",
"3804625","","FRY ARK PR BOUSTEAD TUNNEL","","","","","","","","","","","","","","","","","","","Total (Diversions)","","Monthly","02/28/1993 00:00","149.95","*","AF","Approved","",
"3804625","","FRY ARK PR BOUSTEAD TUNNEL","","","","","","","","","","","","","","","","","","","Total (Diversions)","","Monthly","01/31/1993 00:00","141.42","*","AF","Approved","",
"3804625","","FRY ARK PR BOUSTEAD TUNNEL","","","","","","","","","","","","","","","","","","","Total (Diversions)","","Monthly","12/31/1992 00:00","141.42","*","AF","Approved","",
"3804625","","FRY ARK PR BOUSTEAD TUNNEL","","","","","","","","","","","","","","","","","","","Total (Diversions)","","Monthly","11/30/1992 00:00","136.86","*","AF","Approved","",
"3804625","","FRY ARK PR BOUSTEAD TUNNEL","","","","","","","","","","","","","","","","","","","Total (Diversions)","","Monthly","10/31/1992 00:00","163.24","*","AF","Approved","",
"3804625","","FRY ARK PR BOUSTEAD TUNNEL","","","","","","","","","","","","","","","","","","","Total (Diversions)","","Monthly","09/30/1992 00:00","261.82","*","AF","Approved","",
"3804625","","FRY ARK PR BOUSTEAD TUNNEL","","","","","","","","","","","","","","","","","","","Total (Diversions)","","Monthly","08/31/1992 00:00","914.39","*","AF","Approved","",
"3804625","","FRY ARK PR BOUSTEAD TUNNEL","","","","","","","","","","","","","","","","","","","Total (Diversions)","","Monthly","07/31/1992 00:00","8988.43","*","AF","Approved","",
"3804625","","FRY ARK PR BOUSTEAD TUNNEL","","","","","","","","","","","","","","","","","","","Total (Diversions)","","Monthly","06/30/1992 00:00","23837.15","*","AF","Approved","",
"3804625","","FRY ARK PR BOUSTEAD TUNNEL","","","","","","","","","","","","","","","","","","","Total (Diversions)","","Monthly","05/31/1992 00:00","21665.77","*","AF","Approved","",
"3804625","","FRY ARK PR BOUSTEAD TUNNEL","","","","","","","","","","","","","","","","","","","Total (Diversions)","","Monthly","04/30/1992 00:00","378.65","*","AF","Approved","",
"3804625","","FRY ARK PR BOUSTEAD TUNNEL","","","","","","","","","","","","","","","","","","","Total (Diversions)","","Monthly","03/31/1992 00:00","173.56","*","AF","Approved","",
"3804625","","FRY ARK PR BOUSTEAD TUNNEL","","","","","","","","","","","","","","","","","","","Total (Diversions)","","Monthly","02/29/1992 00:00","171.77","*","AF","Approved","",
"3804625","","FRY ARK PR BOUSTEAD TUNNEL","","","","","","","","","","","","","","","","","","","Total (Diversions)","","Monthly","01/31/1992 00:00","159.87","*","AF","Approved","",
"3804625","","FRY ARK PR BOUSTEAD TUNNEL","","","","","","","","","","","","","","","","","","","Total (Diversions)","","Monthly","12/31/1991 00:00","159.87","*","AF","Approved","",
"3804625","","FRY ARK PR BOUSTEAD TUNNEL","","","","","","","","","","","","","","","","","","","Total (Diversions)","","Monthly","11/30/1991 00:00","159.67","*","AF","Approved","",
"3804625","","FRY ARK PR BOUSTEAD TUNNEL","","","","","","","","","","","","","","","","","","","Total (Diversions)","","Monthly","10/31/1991 00:00","196.17","*","AF","Approved","",
"3804625","","FRY ARK PR BOUSTEAD TUNNEL","","","","","","","","","","","","","","","","","","","Total (Diversions)","","Monthly","09/30/1991 00:00","92.03","*","AF","Approved","",
"3804625","","FRY ARK PR BOUSTEAD TUNNEL","","","","","","","","","","","","","","","","","","","Total (Diversions)","","Monthly","08/31/1991 00:00","391.56","*","AF","Approved","",
"3804625","","FRY ARK PR BOUSTEAD TUNNEL","","","","","","","","","","","","","","","","","","","Total (Diversions)","","Monthly","07/31/1991 00:00","8787.7","*","AF","Approved","",
"3804625","","FRY ARK PR BOUSTEAD TUNNEL","","","","","","","","","","","","","","","","","","","Total (Diversions)","","Monthly","06/30/1991 00:00","36600.73","*","AF","Approved","",
"3804625","","FRY ARK PR BOUSTEAD TUNNEL","","","","","","","","","","","","","","","","","","","Total (Diversions)","","Monthly","05/31/1991 00:00","14376.21","*","AF","Approved","",
"3804625","","FRY ARK PR BOUSTEAD TUNNEL","","","","","","","","","","","","","","","","","","","Total (Diversions)","","Monthly","04/30/1991 00:00","98.98","*","AF","Approved","",
"3804625","","FRY ARK PR BOUSTEAD TUNNEL","","","","","","","","","","","","","","","","","","","Total (Diversions)","","Monthly","03/31/1991 00:00","124.37","*","AF","Approved","",
"3804625","","FRY ARK PR BOUSTEAD TUNNEL","","","","","","","","","","","","","","","","","","","Total (Diversions)","","Monthly","02/28/1991 00:00","124.37","*","AF","Approved","",
"3804625","","FRY ARK PR BOUSTEAD TUNNEL","","","","","","","","","","","","","","","","","","","Total (Diversions)","","Monthly","01/31/1991 00:00","118.61","*","AF","Approved","",
"3804625","","FRY ARK PR BOUSTEAD TUNNEL","","","","","","","","","","","","","","","","","","","Total (Diversions)","","Monthly","12/31/1990 00:00","141.42","*","AF","Approved","",
"3804625","","FRY ARK PR BOUSTEAD TUNNEL","","","","","","","","","","","","","","","","","","","Total (Diversions)","","Monthly","11/30/1990 00:00","136.66","*","AF","Approved","",
"3804625","","FRY ARK PR BOUSTEAD TUNNEL","","","","","","","","","","","","","","","","","","","Total (Diversions)","","Monthly","10/31/1990 00:00","141.42","*","AF","Approved","",
"3804625","","FRY ARK PR BOUSTEAD TUNNEL","","","","","","","","","","","","","","","","","","","Total (Diversions)","","Monthly","09/30/1990 00:00","133.89","*","AF","Approved","",
"3804625","","FRY ARK PR BOUSTEAD TUNNEL","","","","","","","","","","","","","","","","","","","Total (Diversions)","","Monthly","08/31/1990 00:00","122.98","*","AF","Approved","",
"3804625","","FRY ARK PR BOUSTEAD TUNNEL","","","","","","","","","","","","","","","","","","","Total (Diversions)","","Monthly","07/31/1990 00:00","5229.3","*","AF","Approved","",
"3804625","","FRY ARK PR BOUSTEAD TUNNEL","","","","","","","","","","","","","","","","","","","Total (Diversions)","","Monthly","06/30/1990 00:00","33882.15","*","AF","Approved","",
"3804625","","FRY ARK PR BOUSTEAD TUNNEL","","","","","","","","","","","","","","","","","","","Total (Diversions)","","Monthly","05/31/1990 00:00","7840.38","*","AF","Approved","",
"3804625","","FRY ARK PR BOUSTEAD TUNNEL","","","","","","","","","","","","","","","","","","","Total (Diversions)","","Monthly","04/30/1990 00:00","60.3","*","AF","Approved","",
"3804625","","FRY ARK PR BOUSTEAD TUNNEL","","","","","","","","","","","","","","","","","","","Total (Diversions)","","Monthly","03/31/1990 00:00","0","*","AF","Approved","",
"3804625","","FRY ARK PR BOUSTEAD TUNNEL","","","","","","","","","","","","","","","","","","","Total (Diversions)","","Monthly","02/28/1990 00:00","0","*","AF","Approved","",
"3804625","","FRY ARK PR BOUSTEAD TUNNEL","","","","","","","","","","","","","","","","","","","Total (Diversions)","","Monthly","01/31/1990 00:00","0","*","AF","Approved","",
"3804625","","FRY ARK PR BOUSTEAD TUNNEL","","","","","","","","","","","","","","","","","","","Total (Diversions)","","Monthly","12/31/1989 00:00","0","*","AF","Approved","",
"3804625","","FRY ARK PR BOUSTEAD TUNNEL","","","","","","","","","","","","","","","","","","","Total (Diversions)","","Monthly","11/30/1989 00:00","0","*","AF","Approved","",
"3804625","","FRY ARK PR BOUSTEAD TUNNEL","","","","","","","","","","","","","","","","","","","Total (Diversions)","","Monthly","07/31/1988 00:00","2316.73","*","AF","Approved","",
"3804625","","FRY ARK PR BOUSTEAD TUNNEL","","","","","","","","","","","","","","","","","","","Total (Diversions)","","Monthly","06/30/1988 00:00","11964.47","*","AF","Approved","",
"3804625","","FRY ARK PR BOUSTEAD TUNNEL","","","","","","","","","","","","","","","","","","","Total (Diversions)","","Monthly","08/31/1987 00:00","115.04","*","AF","Approved","",
"3804625","","FRY ARK PR BOUSTEAD TUNNEL","","","","","","","","","","","","","","","","","","","Total (Diversions)","","Monthly","07/31/1987 00:00","383.01","*","AF","Approved","",
"3804625","","FRY ARK PR BOUSTEAD TUNNEL","","","","","","","","","","","","","","","","","","","Total (Diversions)","","Monthly","06/30/1987 00:00","1713.15","*","AF","Approved","",
"3804625","","FRY ARK PR BOUSTEAD TUNNEL","","","","","","","","","","","","","","","","","","","Total (Diversions)","","Monthly","05/31/1987 00:00","1116.71","*","AF","Approved","",
"3804625","","FRY ARK PR BOUSTEAD TUNNEL","","","","","","","","","","","","","","","","","","","Total (Diversions)","","Monthly","08/31/1986 00:00","1324.18","*","AF","Approved","",
"3804625","","FRY ARK PR BOUSTEAD TUNNEL","","","","","","","","","","","","","","","","","","","Total (Diversions)","","Monthly","07/31/1986 00:00","4877.43","*","AF","Approved","",
"3804625","","FRY ARK PR BOUSTEAD TUNNEL","","","","","","","","","","","","","","","","","","","Total (Diversions)","","Monthly","06/30/1986 00:00","21064.77","*","AF","Approved","",
"3804625","","FRY ARK PR BOUSTEAD TUNNEL","","","","","","","","","","","","","","","","","","","Total (Diversions)","","Monthly","05/31/1986 00:00","4185.19","*","AF","Approved","",
"3804625","","FRY ARK PR BOUSTEAD TUNNEL","","","","","","","","","","","","","","","","","","","Total (Diversions)","","Monthly","08/31/1985 00:00","1543.36","*","AF","Approved","",
"3804625","","FRY ARK PR BOUSTEAD TUNNEL","","","","","","","","","","","","","","","","","","","Total (Diversions)","","Monthly","07/31/1985 00:00","14816.75","*","AF","Approved","",
"3804625","","FRY ARK PR BOUSTEAD TUNNEL","","","","","","","","","","","","","","","","","","","Total (Diversions)","","Monthly","06/30/1985 00:00","36462.68","*","AF","Approved","",
"3804625","","FRY ARK PR BOUSTEAD TUNNEL","","","","","","","","","","","","","","","","","","","Total (Diversions)","","Monthly","05/31/1985 00:00","16417.43","*","AF","Approved","",
"3804625","","FRY ARK PR BOUSTEAD TUNNEL","","","","","","","","","","","","","","","","","","","Total (Diversions)","","Monthly","04/30/1985 00:00","63.47","*","AF","Approved","",
"3804625","","FRY ARK PR BOUSTEAD TUNNEL","","","","","","","","","","","","","","","","","","","Total (Diversions)","","Monthly","11/30/1984 00:00","420.7","*","AF","Approved","",
"3804625","","FRY ARK PR BOUSTEAD TUNNEL","","","","","","","","","","","","","","","","","","","Total (Diversions)","","Monthly","10/31/1984 00:00","2072.76","*","AF","Approved","",
"3804625","","FRY ARK PR BOUSTEAD TUNNEL","","","","","","","","","","","","","","","","","","","Total (Diversions)","","Monthly","09/30/1984 00:00","2949.46","*","AF","Approved","",
"3804625","","FRY ARK PR BOUSTEAD TUNNEL","","","","","","","","","","","","","","","","","","","Total (Diversions)","","Monthly","08/31/1984 00:00","12010.09","*","AF","Approved","",
"3804625","","FRY ARK PR BOUSTEAD TUNNEL","","","","","","","","","","","","","","","","","","","Total (Diversions)","","Monthly","07/31/1984 00:00","25013.92","*","AF","Approved","",
"3804625","","FRY ARK PR BOUSTEAD TUNNEL","","","","","","","","","","","","","","","","","","","Total (Diversions)","","Monthly","06/30/1984 00:00","45765.3","*","AF","Approved","",
"3804625","","FRY ARK PR BOUSTEAD TUNNEL","","","","","","","","","","","","","","","","","","","Total (Diversions)","","Monthly","05/31/1984 00:00","21899.82","*","AF","Approved","",
"3804625","","FRY ARK PR BOUSTEAD TUNNEL","","","","","","","","","","","","","","","","","","","Total (Diversions)","","Monthly","09/30/1983 00:00","770.59","*","AF","Approved","",
"3804625","","FRY ARK PR BOUSTEAD TUNNEL","","","","","","","","","","","","","","","","","","","Total (Diversions)","","Monthly","08/31/1983 00:00","12297.7","*","AF","Approved","",
"3804625","","FRY ARK PR BOUSTEAD TUNNEL","","","","","","","","","","","","","","","","","","","Total (Diversions)","","Monthly","07/31/1983 00:00","32013.69","*","AF","Approved","",
"3804625","","FRY ARK PR BOUSTEAD TUNNEL","","","","","","","","","","","","","","","","","","","Total (Diversions)","","Monthly","06/30/1983 00:00","39031.31","*","AF","Approved","",
"3804625","","FRY ARK PR BOUSTEAD TUNNEL","","","","","","","","","","","","","","","","","","","Total (Diversions)","","Monthly","05/31/1983 00:00","3166.46","*","AF","Approved","",
"3804625","","FRY ARK PR BOUSTEAD TUNNEL","","","","","","","","","","","","","","","","","","","Total (Diversions)","","Monthly","08/31/1982 00:00","3360.25","*","AF","Approved","",
"3804625","","FRY ARK PR BOUSTEAD TUNNEL","","","","","","","","","","","","","","","","","","","Total (Diversions)","","Monthly","07/31/1982 00:00","23831.75","*","AF","Approved","",
"3804625","","FRY ARK PR BOUSTEAD TUNNEL","","","","","","","","","","","","","","","","","","","Total (Diversions)","","Monthly","06/30/1982 00:00","41219.11","*","AF","Approved","",
"3804625","","FRY ARK PR BOUSTEAD TUNNEL","","","","","","","","","","","","","","","","","","","Total (Diversions)","","Monthly","05/31/1982 00:00","7077.13","*","AF","Approved","",
"3804625","","FRY ARK PR BOUSTEAD TUNNEL","","","","","","","","","","","","","","","","","","","Total (Diversions)","","Monthly","10/31/1981 00:00","4119.73","","AF","Approved","",
"3804625","","FRY ARK PR BOUSTEAD TUNNEL","","","","","","","","","","","","","","","","","","","Total (Diversions)","","Monthly","09/30/1981 00:00","3986.84","","AF","Approved","",
"3804625","","FRY ARK PR BOUSTEAD TUNNEL","","","","","","","","","","","","","","","","","","","Total (Diversions)","","Monthly","08/31/1981 00:00","4119.73","","AF","Approved","",
"3804625","","FRY ARK PR BOUSTEAD TUNNEL","","","","","","","","","","","","","","","","","","","Total (Diversions)","","Monthly","07/31/1981 00:00","4119.73","*","AF","Approved","",
"3804625","","FRY ARK PR BOUSTEAD TUNNEL","","","","","","","","","","","","","","","","","","","Total (Diversions)","","Monthly","06/30/1981 00:00","28383.89","*","AF","Approved","",
"3804625","","FRY ARK PR BOUSTEAD TUNNEL","","","","","","","","","","","","","","","","","","","Total (Diversions)","","Monthly","05/31/1981 00:00","13773.42","*","AF","Approved","",
"3804625","","FRY ARK PR BOUSTEAD TUNNEL","","","","","","","","","","","","","","","","","","","Total (Diversions)","","Monthly","04/30/1981 00:00","582.75","*","AF","Approved","",
"3804625","","FRY ARK PR BOUSTEAD TUNNEL","","","","","","","","","","","","","","","","","","","Total (Diversions)","","Monthly","07/31/1980 00:00","9812.37","*","AF","Approved","",
"3804625","","FRY ARK PR BOUSTEAD TUNNEL","","","","","","","","","","","","","","","","","","","Total (Diversions)","","Monthly","06/30/1980 00:00","39495.45","*","AF","Approved","",
"3804625","","FRY ARK PR BOUSTEAD TUNNEL","","","","","","","","","","","","","","","","","","","Total (Diversions)","","Monthly","05/31/1980 00:00","6182.57","*","AF","Approved","",
"3804625","","FRY ARK PR BOUSTEAD TUNNEL","","","","","","","","","","","","","","","","","","","Total (Diversions)","","Monthly","08/31/1979 00:00","1213.31","*","AF","Approved","",
"3804625","","FRY ARK PR BOUSTEAD TUNNEL","","","","","","","","","","","","","","","","","","","Total (Diversions)","","Monthly","07/31/1979 00:00","16514.62","*","AF","Approved","",
"3804625","","FRY ARK PR BOUSTEAD TUNNEL","","","","","","","","","","","","","","","","","","","Total (Diversions)","","Monthly","06/30/1979 00:00","29429.19","*","AF","Approved","",
"3804625","","FRY ARK PR BOUSTEAD TUNNEL","","","","","","","","","","","","","","","","","","","Total (Diversions)","","Monthly","08/31/1978 00:00","995.72","*","AF","Approved","",
"3804625","","FRY ARK PR BOUSTEAD TUNNEL","","","","","","","","","","","","","","","","","","","Total (Diversions)","","Monthly","07/31/1978 00:00","13705.99","*","AF","Approved","",
"3804625","","FRY ARK PR BOUSTEAD TUNNEL","","","","","","","","","","","","","","","","","","","Total (Diversions)","","Monthly","06/30/1978 00:00","30307.88","*","AF","Approved","",
"3804625","","FRY ARK PR BOUSTEAD TUNNEL","","","","","","","","","","","","","","","","","","","Total (Diversions)","","Monthly","05/31/1978 00:00","4891.71","*","AF","Approved","",
"3804625","","FRY ARK PR BOUSTEAD TUNNEL","","","","","","","","","","","","","","","","","","","Total (Diversions)","","Monthly","04/30/1978 00:00","58","*","AF","Approved","",
"3804625","","FRY ARK PR BOUSTEAD TUNNEL","","","","","","","","","","","","","","","","","","","Total (Diversions)","","Monthly","07/31/1977 00:00","95.21","*","AF","Approved","",
"3804625","","FRY ARK PR BOUSTEAD TUNNEL","","","","","","","","","","","","","","","","","","","Total (Diversions)","","Monthly","06/30/1977 00:00","6773.65","*","AF","Approved","",
"3804625","","FRY ARK PR BOUSTEAD TUNNEL","","","","","","","","","","","","","","","","","","","Total (Diversions)","","Monthly","05/31/1977 00:00","4476.16","*","AF","Approved","",
"3804625","","FRY ARK PR BOUSTEAD TUNNEL","","","","","","","","","","","","","","","","","","","Total (Diversions)","","Monthly","04/30/1977 00:00","68.03","*","AF","Approved","",
"3804625","","FRY ARK PR BOUSTEAD TUNNEL","","","","","","","","","","","","","","","","","","","Total (Diversions)","","Monthly","08/31/1976 00:00","96.58","*","AF","Approved","",
"3804625","","FRY ARK PR BOUSTEAD TUNNEL","","","","","","","","","","","","","","","","","","","Total (Diversions)","","Monthly","07/31/1976 00:00","3185.3","*","AF","Approved","",
"3804625","","FRY ARK PR BOUSTEAD TUNNEL","","","","","","","","","","","","","","","","","","","Total (Diversions)","","Monthly","06/30/1976 00:00","14340.71","*","AF","Approved","",
"3804625","","FRY ARK PR BOUSTEAD TUNNEL","","","","","","","","","","","","","","","","","","","Total (Diversions)","","Monthly","05/31/1976 00:00","9314.32","*","AF","Approved","",
"3804625","","FRY ARK PR BOUSTEAD TUNNEL","","","","","","","","","","","","","","","","","","","Total (Diversions)","","Monthly","08/31/1975 00:00","967.95","*","AF","Approved","",
"3804625","","FRY ARK PR BOUSTEAD TUNNEL","","","","","","","","","","","","","","","","","","","Total (Diversions)","","Monthly","07/31/1975 00:00","16181.39","*","AF","Approved","",
"3804625","","FRY ARK PR BOUSTEAD TUNNEL","","","","","","","","","","","","","","","","","","","Total (Diversions)","","Monthly","06/30/1975 00:00","16958.93","*","AF","Approved","",
"3804625","","FRY ARK PR BOUSTEAD TUNNEL","","","","","","","","","","","","","","","","","","","Total (Diversions)","","Monthly","05/31/1975 00:00","2761.63","*","AF","Approved","",
"3804625","","FRY ARK PR BOUSTEAD TUNNEL","","","","","","","","","","","","","","","","","","","Total (Diversions)","","Monthly","08/31/1974 00:00","159.87","*","AF","Approved","",
"3804625","","FRY ARK PR BOUSTEAD TUNNEL","","","","","","","","","","","","","","","","","","","Total (Diversions)","","Monthly","07/31/1974 00:00","3902.73","*","AF","Approved","",
"3804625","","FRY ARK PR BOUSTEAD TUNNEL","","","","","","","","","","","","","","","","","","","Total (Diversions)","","Monthly","06/30/1974 00:00","17302.07","*","AF","Approved","",
"3804625","","FRY ARK PR BOUSTEAD TUNNEL","","","","","","","","","","","","","","","","","","","Total (Diversions)","","Monthly","05/31/1974 00:00","12190.59","*","AF","Approved","",
