"","basin","report_year","report_month","swsi","nep","swsi_previous_month","change_from_previous_month","swsi_previous_year","change_from_previous_year"
"1","Arkansas",2010,10,1.76,71.16,1.55,0.21,1.14,0.62
"2","Colorado",2010,10,1.58,69,1.55,0.03,1.14,0.44
"3","Gunnison",2010,10,-1.42,32.98,0.52,-1.94,-0.31,-1.11
"4","Rio Grande",2010,10,-0.68,41.9,-0.73,0.04,1.35,-2.03
"5","San Juan-Dolores",2010,10,1.58,68.95,1.76,-0.18,0.52,1.06
"6","South Platte",2010,10,2.74,82.93,2.8,-0.05,3.01,-0.27
"7","Yampa-White",2010,10,0.01,50.14,1.14,-1.13,2.18,-2.17
"8","Arkansas",2010,11,1.35,66.22,1.76,-0.41,1.55,-0.2
"9","Colorado",2010,11,0.59,57.1,1.58,-0.99,0.31,0.28
"10","Gunnison",2010,11,-1.71,29.5,-1.42,-0.29,-0.73,-0.98
"11","Rio Grande",2010,11,-0.27,46.73,-0.68,0.41,1.14,-1.41
"12","San Juan-Dolores",2010,11,1.37,66.45,1.58,-0.21,0.52,0.85
"13","South Platte",2010,11,1.5,67.96,2.74,-1.24,2.59,-1.09
"14","Yampa-White",2010,11,0,50.01,0.01,-0.01,2.18,-2.18
"15","Arkansas",2010,12,1.16,63.97,1.35,-0.19,1.76,-0.6
"16","Colorado",2010,12,1.59,69.08,0.59,1,1.35,0.24
"17","Gunnison",2010,12,-1.34,33.93,-1.71,0.37,0.93,-2.27
"18","Rio Grande",2010,12,-0.36,45.65,-0.27,-0.09,1.35,-1.71
"19","San Juan-Dolores",2010,12,1.2,64.44,1.37,-0.17,0.52,0.68
"20","South Platte",2010,12,1.81,71.68,1.5,0.31,2.38,-0.57
"21","Yampa-White",2010,12,0,50.04,0,0,2.38,-2.38
"22","Arkansas",2011,1,1.28,65.34,1.16,0.12,0.73,0.55
"23","Colorado",2011,1,2.13,75.61,1.59,0.54,-0.31,2.44
"24","Gunnison",2011,1,2.09,75.07,-1.34,3.43,-0.52,2.61
"25","Rio Grande",2011,1,0.56,56.71,-0.36,0.92,-0.73,1.29
"26","San Juan-Dolores",2011,1,1.4,66.82,1.2,0.2,-0.73,2.13
"27","South Platte",2011,1,2.05,74.59,1.81,0.24,1.55,0.5
"28","Yampa-White",2011,1,2.59,81.03,0,2.59,-0.1,2.69
"29","Arkansas",2011,2,0.92,61.08,1.28,-0.36,0.73,0.19
"30","Colorado",2011,2,2.35,78.14,2.13,0.22,-0.31,2.66
"31","Gunnison",2011,2,1.93,73.17,2.09,-0.16,-0.73,2.66
"32","Rio Grande",2011,2,-0.44,44.76,0.56,-1,-0.73,0.29
"33","San Juan-Dolores",2011,2,0.79,59.46,1.4,-0.61,-0.73,1.52
"34","South Platte",2011,2,2.04,74.51,2.05,0,1.55,0.49
"35","Yampa-White",2011,2,2.5,80.01,2.59,-0.08,-0.1,2.6
"36","Arkansas",2011,3,1.26,65.07,0.92,0.34,0.52,0.74
"37","Colorado",2011,3,2.47,79.69,2.35,0.12,-0.31,2.78
"38","Gunnison",2011,3,2.03,74.41,1.93,0.09,-0.73,2.76
"39","Rio Grande",2011,3,-0.85,39.75,-0.44,-0.41,-0.73,-0.12
"40","San Juan-Dolores",2011,3,0.44,55.26,0.79,-0.35,-0.73,1.17
"41","South Platte",2011,3,2.6,81.24,2.04,0.56,1.55,1.05
"42","Yampa-White",2011,3,2.82,83.79,2.5,0.32,-0.1,2.92
"43","Arkansas",2011,4,1.16,63.97,1.26,-0.1,1.14,0.02
"44","Colorado",2011,4,2.89,84.7,2.47,0.42,-0.31,3.2
"45","Gunnison",2011,4,1.92,73.03,2.03,-0.11,-0.52,2.44
"46","Rio Grande",2011,4,-1.47,32.34,-0.85,-0.62,-0.73,-0.74
"47","San Juan-Dolores",2011,4,-0.61,42.65,0.44,-1.05,-0.73,0.12
"48","South Platte",2011,4,2.69,82.23,2.6,0.08,1.55,1.14
"49","Yampa-White",2011,4,3.85,96.17,2.82,1.03,-0.1,3.95
"50","Arkansas",2011,5,1.58,68.91,1.16,0.42,0.93,0.65
"51","Colorado",2011,5,3.94,97.3,2.89,1.05,-0.1,4.04
"52","Gunnison",2011,5,3.33,89.93,1.92,1.41,-0.52,3.85
"53","Rio Grande",2011,5,-0.9,39.18,-1.47,0.57,-0.73,-0.17
"54","San Juan-Dolores",2011,5,0.95,61.34,-0.61,1.56,-0.73,1.68
"55","South Platte",2011,5,3.03,86.38,2.69,0.34,1.55,1.48
"56","Yampa-White",2011,5,4.04,98.51,3.85,0.19,-0.1,4.14
"57","Arkansas",2011,6,1.41,66.91,1.58,-0.17,1.14,0.27
"58","Colorado",2011,6,4.04,98.51,3.94,0.1,0.31,3.73
"59","Gunnison",2011,6,3.24,88.83,3.33,-0.08,-0.93,4.17
"60","Rio Grande",2011,6,0.72,58.59,-0.9,1.62,-1.76,2.48
"61","San Juan-Dolores",2011,6,3.69,94.25,0.95,2.74,-0.93,4.62
"62","South Platte",2011,6,3.97,97.69,3.03,0.94,1.97,2
"63","Yampa-White",2011,6,4.04,98.51,4.04,0,1.35,2.69
"64","Arkansas",2011,7,0,50.06,1.41,-1.41,1.14,-1.14
"65","Colorado",2011,7,4.04,98.51,4.04,0,1.35,2.69
"66","Gunnison",2011,7,3.27,89.23,3.24,0.02,0.1,3.17
"67","Rio Grande",2011,7,0.33,53.98,0.72,-0.39,-0.93,1.26
"68","San Juan-Dolores",2011,7,2.48,79.77,3.69,-1.21,-0.31,2.79
"69","South Platte",2011,7,2.1,75.24,3.97,-1.87,2.8,-0.7
"70","Yampa-White",2011,7,4.04,98.51,4.04,0,2.38,1.66
"71","Arkansas",2011,8,1.56,68.7,0,1.56,0.52,1.04
"72","Colorado",2011,8,3.98,97.81,4.04,-0.06,-0.31,4.29
"73","Gunnison",2011,8,3.63,93.53,3.27,0.36,-1.14,4.77
"74","Rio Grande",2011,8,0.16,51.94,0.33,-0.17,-1.55,1.71
"75","San Juan-Dolores",2011,8,2.46,79.47,2.48,-0.02,-0.73,3.19
"76","South Platte",2011,8,4.02,98.26,2.1,1.92,1.97,2.05
"77","Yampa-White",2011,8,4.04,98.51,4.04,0,-0.1,4.14
"78","Arkansas",2011,9,0.46,55.53,1.56,-1.1,1.55,-1.09
"79","Colorado",2011,9,3.39,90.71,3.98,-0.59,1.55,1.84
"80","Gunnison",2011,9,2.5,79.98,3.63,-1.13,0.52,1.98
"81","Rio Grande",2011,9,-1.54,31.49,0.16,-1.7,-0.73,-0.81
"82","San Juan-Dolores",2011,9,0.96,61.49,2.46,-1.5,1.76,-0.8
"83","South Platte",2011,9,3.2,88.42,4.02,-0.81,2.8,0.4
"84","Yampa-White",2011,9,4.04,98.51,4.04,0,1.14,2.9
"85","Arkansas",2011,10,0.88,60.55,0.46,0.42,1.76,-0.88
"86","Colorado",2011,10,3.56,92.71,3.39,0.17,1.58,1.98
"87","Gunnison",2011,10,2.05,74.62,2.5,-0.45,-1.42,3.47
"88","Rio Grande",2011,10,-0.66,42.09,-1.54,0.88,-0.68,0.02
"89","San Juan-Dolores",2011,10,1.62,69.47,0.96,0.66,1.58,0.04
"90","South Platte",2011,10,3.34,90.06,3.2,0.14,2.74,0.6
"91","Yampa-White",2011,10,3.6,93.18,4.04,-0.44,0.01,3.59
"92","Arkansas",2011,11,0.96,61.51,0.88,0.08,1.35,-0.39
"93","Colorado",2011,11,3.04,86.53,3.56,-0.52,0.59,2.45
"94","Gunnison",2011,11,1.41,66.91,2.05,-0.64,-1.71,3.12
"95","Rio Grande",2011,11,-0.38,45.48,-0.66,0.28,-0.27,-0.11
"96","San Juan-Dolores",2011,11,1.51,68.15,1.62,-0.11,1.37,0.14
"97","South Platte",2011,11,3.1,87.17,3.34,-0.24,1.5,1.6
"98","Yampa-White",2011,11,3.63,93.56,3.6,0.02,0,3.63
"99","Arkansas",2011,12,0.81,59.69,0.96,-0.15,1.16,-0.35
"100","Colorado",2011,12,3.54,92.51,3.04,0.5,1.59,1.95
"101","Gunnison",2011,12,2.47,79.62,1.41,1.06,-1.34,3.81
"102","Rio Grande",2011,12,-0.68,41.86,-0.38,-0.3,-0.36,-0.32
"103","San Juan-Dolores",2011,12,1.57,68.82,1.51,0.06,1.2,0.37
"104","South Platte",2011,12,3.49,91.84,3.1,0.39,1.81,1.68
"105","Yampa-White",2011,12,3.74,94.85,3.63,0.11,0,3.74
"106","Arkansas",2012,1,-0.01,49.93,0.81,-0.82,1.28,-1.29
"107","Colorado",2012,1,-1.97,26.35,3.54,-5.51,2.13,-4.1
"108","Gunnison",2012,1,-1.8,28.44,2.47,-4.27,2.09,-3.89
"109","Rio Grande",2012,1,-0.16,48.1,-0.68,0.52,0.56,-0.72
"110","San Juan-Dolores",2012,1,-0.43,44.86,1.57,-2,1.4,-1.83
"111","South Platte",2012,1,1.12,63.4,3.49,-2.37,2.05,-0.93
"112","Yampa-White",2012,1,-1.65,30.24,3.74,-5.39,2.59,-4.24
"113","Arkansas",2012,2,-0.16,48.1,-0.01,-0.15,0.92,-1.08
"114","Colorado",2012,2,-1.75,28.96,-1.97,0.22,2.35,-4.1
"115","Gunnison",2012,2,-1.83,28.08,-1.8,-0.03,1.93,-3.76
"116","Rio Grande",2012,2,-0.78,40.64,-0.16,-0.62,-0.44,-0.34
"117","San Juan-Dolores",2012,2,-0.56,43.29,-0.43,-0.13,0.79,-1.35
"118","South Platte",2012,2,1.03,62.37,1.12,-0.09,2.04,-1.01
"119","Yampa-White",2012,2,-1.88,27.48,-1.65,-0.23,2.5,-4.38
"120","Arkansas",2012,3,-0.31,46.25,-0.16,-0.15,1.26,-1.57
"121","Colorado",2012,3,-1.71,29.49,-1.75,0.04,2.47,-4.18
"122","Gunnison",2012,3,-1.33,34.06,-1.83,0.5,2.03,-3.36
"123","Rio Grande",2012,3,-0.28,46.59,-0.78,0.5,-0.85,0.57
"124","San Juan-Dolores",2012,3,-0.24,47.18,-0.56,0.32,0.44,-0.68
"125","South Platte",2012,3,1.18,64.2,1.03,0.15,2.6,-1.42
"126","Yampa-White",2012,3,-1.26,34.86,-1.88,0.62,2.82,-4.08
"127","Arkansas",2012,4,-1.14,36.35,-0.31,-0.83,1.16,-2.3
"128","Colorado",2012,4,-3.35,9.83,-1.71,-1.64,2.89,-6.24
"129","Gunnison",2012,4,-2.8,16.4,-1.33,-1.47,1.92,-4.72
"130","Rio Grande",2012,4,-1.84,27.97,-0.28,-1.56,-1.47,-0.37
"131","San Juan-Dolores",2012,4,-1.92,26.99,-0.24,-1.68,-0.61,-1.31
"132","South Platte",2012,4,-0.74,41.15,1.18,-1.92,2.69,-3.43
"133","Yampa-White",2012,4,-3.23,11.28,-1.26,-1.97,3.85,-7.08
"134","Arkansas",2012,5,-1.93,26.87,-1.14,-0.79,1.58,-3.51
"135","Colorado",2012,5,-3.44,8.78,-3.35,-0.08,3.94,-7.38
"136","Gunnison",2012,5,-3.24,11.07,-2.8,-0.44,3.33,-6.57
"137","Rio Grande",2012,5,-3.67,5.9,-1.84,-1.83,-0.9,-2.77
"138","San Juan-Dolores",2012,5,-1.5,31.98,-1.92,0.42,0.95,-2.45
"139","South Platte",2012,5,-2.6,18.76,-0.74,-1.86,3.03,-5.63
"140","Yampa-White",2012,5,-3.73,5.2,-3.23,-0.5,4.04,-7.77
"141","Arkansas",2012,6,-1.2,35.59,-1.93,0.73,1.41,-2.61
"142","Colorado",2012,6,-1.71,29.51,-3.44,1.73,4.04,-5.75
"143","Gunnison",2012,6,-2.19,23.66,-3.24,1.05,3.24,-5.43
"144","Rio Grande",2012,6,0.61,57.35,-3.67,4.28,0.72,-0.11
"145","San Juan-Dolores",2012,6,1.25,64.98,-1.5,2.75,3.69,-2.44
"146","South Platte",2012,6,-1.94,26.78,-2.6,0.66,3.97,-5.91
"147","Yampa-White",2012,6,-0.78,40.62,-3.73,2.95,4.04,-4.82
"148","Arkansas",2012,7,-2.19,23.73,-1.2,-0.99,0,-2.19
"149","Colorado",2012,7,-3.84,3.87,-1.71,-2.13,4.04,-7.88
"150","Gunnison",2012,7,-3.67,5.97,-2.19,-1.48,3.27,-6.94
"151","Rio Grande",2012,7,-3.66,6.08,0.61,-4.27,0.33,-3.99
"152","San Juan-Dolores",2012,7,-2.79,16.52,1.25,-4.04,2.48,-5.27
"153","South Platte",2012,7,-3.63,6.46,-1.94,-1.69,2.1,-5.73
"154","Yampa-White",2012,7,-4.04,1.49,-0.78,-3.26,4.04,-8.08
"155","Arkansas",2012,8,-2.08,25.01,-2.19,0.11,1.56,-3.64
"156","Colorado",2012,8,-3.67,5.95,-3.84,0.17,3.98,-7.65
"157","Gunnison",2012,8,-3.64,6.31,-3.67,0.02,3.63,-7.27
"158","Rio Grande",2012,8,-2.91,15.08,-3.66,0.75,0.16,-3.07
"159","San Juan-Dolores",2012,8,-1.92,27,-2.79,0.87,2.46,-4.38
"160","South Platte",2012,8,-3.63,6.4,-3.63,0,4.02,-7.65
"161","Yampa-White",2012,8,-3.59,6.92,-4.04,0.45,4.04,-7.63
"162","Arkansas",2012,9,-1.74,29.09,-2.08,0.34,0.46,-2.2
"163","Colorado",2012,9,-3.56,7.22,-3.67,0.11,3.39,-6.95
"164","Gunnison",2012,9,-3.63,6.46,-3.64,0.01,2.5,-6.13
"165","Rio Grande",2012,9,-2.75,16.98,-2.91,0.16,-1.54,-1.21
"166","San Juan-Dolores",2012,9,-0.99,38.11,-1.92,0.93,0.96,-1.95
"167","South Platte",2012,9,-3.4,9.25,-3.63,0.23,3.2,-6.6
"168","Yampa-White",2012,9,-2.67,17.95,-3.59,0.92,4.04,-6.71
"169","Arkansas",2012,10,-1.2,35.55,-1.74,0.54,0.88,-2.08
"170","Colorado",2012,10,-3.69,5.76,-3.56,-0.13,3.56,-7.25
"171","Gunnison",2012,10,-3.61,6.67,-3.63,0.02,2.05,-5.66
"172","Rio Grande",2012,10,-1.88,27.4,-2.75,0.87,-0.66,-1.22
"173","San Juan-Dolores",2012,10,-0.63,42.48,-0.99,0.36,1.62,-2.25
"174","South Platte",2012,10,-3.25,10.96,-3.4,0.15,3.34,-6.59
"175","Yampa-White",2012,10,0.33,53.97,-2.67,3,3.6,-3.27
"176","Arkansas",2012,11,-1.5,32,-1.2,-0.3,0.96,-2.46
"177","Colorado",2012,11,-3.69,5.72,-3.69,0,3.04,-6.73
"178","Gunnison",2012,11,-3.6,6.85,-3.61,0,1.41,-5.01
"179","Rio Grande",2012,11,-1.6,30.82,-1.88,0.28,-0.38,-1.22
"180","San Juan-Dolores",2012,11,-0.62,42.51,-0.63,0.01,1.51,-2.13
"181","South Platte",2012,11,-3.42,8.94,-3.25,-0.17,3.1,-6.52
"182","Yampa-White",2012,11,0.37,54.47,0.33,0.04,3.63,-3.26
"183","Arkansas",2012,12,-1.58,31.1,-1.5,-0.08,0.81,-2.39
"184","Colorado",2012,12,-3.68,5.83,-3.69,0,3.54,-7.22
"185","Gunnison",2012,12,-3.59,6.98,-3.6,0.01,2.47,-6.06
"186","Rio Grande",2012,12,-1.93,26.79,-1.6,-0.33,-0.68,-1.25
"187","San Juan-Dolores",2012,12,-0.63,42.43,-0.62,-0.01,1.57,-2.2
"188","South Platte",2012,12,-3.39,9.28,-3.42,0.02,3.49,-6.88
"189","Yampa-White",2012,12,0.41,54.96,0.37,0.04,3.74,-3.33
"190","Arkansas",2013,1,-2.24,23.18,-1.58,-0.66,-0.01,-2.23
"191","Colorado",2013,1,-2.71,17.44,-3.68,0.97,-1.97,-0.74
"192","Gunnison",2013,1,-3.33,9.99,-3.59,0.26,-1.8,-1.53
"193","Rio Grande",2013,1,-2.4,21.23,-1.93,-0.47,-0.16,-2.24
"194","San Juan-Dolores",2013,1,-2.61,18.65,-0.63,-1.98,-0.43,-2.18
"195","South Platte",2013,1,-3.35,9.79,-3.39,0.04,1.12,-4.47
"196","Yampa-White",2013,1,-1.87,27.54,0.41,-2.28,-1.65,-0.22
"197","Arkansas",2013,2,-2.36,21.71,-2.24,-0.12,-0.16,-2.2
"198","Colorado",2013,2,-3.24,11.13,-2.71,-0.53,-1.75,-1.49
"199","Gunnison",2013,2,-3.32,10.22,-3.33,0.01,-1.83,-1.49
"200","Rio Grande",2013,2,-1.81,28.3,-2.4,0.59,-0.78,-1.03
"201","San Juan-Dolores",2013,2,-2.22,23.36,-2.61,0.39,-0.56,-1.66
"202","South Platte",2013,2,-3.77,4.81,-3.35,-0.42,1.03,-4.8
"203","Yampa-White",2013,2,-2.42,20.93,-1.87,-0.55,-1.88,-0.54
"204","Arkansas",2013,3,-2.38,21.4,-2.36,-0.02,-0.31,-2.07
"205","Colorado",2013,3,-3.44,8.71,-3.24,-0.2,-1.71,-1.73
"206","Gunnison",2013,3,-3.62,6.54,-3.32,-0.3,-1.33,-2.29
"207","Rio Grande",2013,3,-2.09,24.87,-1.81,-0.28,-0.28,-1.81
"208","San Juan-Dolores",2013,3,-2.65,18.15,-2.22,-0.43,-0.24,-2.41
"209","South Platte",2013,3,-3.7,5.56,-3.77,0.06,1.18,-4.88
"210","Yampa-White",2013,3,-2.61,18.72,-2.42,-0.19,-1.26,-1.35
"211","Arkansas",2013,4,-2.68,17.86,-2.38,-0.3,-1.14,-1.54
"212","Colorado",2013,4,-3.54,7.52,-3.44,-0.1,-3.35,-0.19
"213","Gunnison",2013,4,-3.73,5.23,-3.62,-0.11,-2.8,-0.93
"214","Rio Grande",2013,4,-3.52,7.78,-2.09,-1.43,-1.84,-1.68
"215","San Juan-Dolores",2013,4,-3.01,13.83,-2.65,-0.36,-1.92,-1.09
"216","South Platte",2013,4,-3.74,5.11,-3.7,-0.04,-0.74,-3
"217","Yampa-White",2013,4,-3.26,10.87,-2.61,-0.65,-3.23,-0.02
"218","Arkansas",2013,5,-2.34,21.94,-2.68,0.34,-1.93,-0.41
"219","Colorado",2013,5,-1.83,28.06,-3.54,1.71,-3.44,1.61
"220","Gunnison",2013,5,-3.38,9.47,-3.73,0.35,-3.24,-0.14
"221","Rio Grande",2013,5,-3.7,5.66,-3.52,-0.18,-3.67,-0.03
"222","San Juan-Dolores",2013,5,-3.07,13.2,-3.01,-0.06,-1.5,-1.57
"223","South Platte",2013,5,-2.77,16.73,-3.74,0.97,-2.6,-0.17
"224","Yampa-White",2013,5,-1.82,28.2,-3.26,1.44,-3.73,1.91
"225","Arkansas",2013,6,-2.73,17.28,-2.34,-0.39,-1.2,-1.53
"226","Colorado",2013,6,-1.3,34.38,-1.83,0.53,-1.71,0.41
"227","Gunnison",2013,6,-3.5,8.02,-3.38,-0.12,-2.19,-1.31
"228","Rio Grande",2013,6,-1.91,27.06,-3.7,1.79,0.61,-2.52
"229","San Juan-Dolores",2013,6,-2.56,19.31,-3.07,0.51,1.25,-3.81
"230","South Platte",2013,6,-1.46,32.52,-2.77,1.31,-1.94,0.48
"231","Yampa-White",2013,6,1.78,71.37,-1.82,3.6,-0.78,2.56
"232","Arkansas",2013,7,-2.3,22.43,-2.73,0.43,-2.19,-0.11
"233","Colorado",2013,7,-1.6,30.81,-1.3,-0.3,-3.84,2.24
"234","Gunnison",2013,7,-3.53,7.6,-3.5,-0.02,-3.67,0.14
"235","Rio Grande",2013,7,-3.66,6.03,-1.91,-1.75,-3.66,0
"236","San Juan-Dolores",2013,7,-3.26,10.91,-2.56,-0.7,-2.79,-0.47
"237","South Platte",2013,7,-2.95,14.65,-1.46,-1.49,-3.63,0.68
"238","Yampa-White",2013,7,-2.17,23.95,1.78,-3.95,-4.04,1.87
"239","Arkansas",2013,8,-2.42,21.02,-2.3,-0.12,-2.08,-0.34
"240","Colorado",2013,8,-2.52,19.81,-1.6,-0.92,-3.67,1.15
"241","Gunnison",2013,8,-3.58,7,-3.53,-0.05,-3.64,0.06
"242","Rio Grande",2013,8,-3.26,10.92,-3.66,0.4,-2.91,-0.35
"243","San Juan-Dolores",2013,8,-2.66,18.02,-3.26,0.6,-1.92,-0.74
"244","South Platte",2013,8,-2.54,19.58,-2.95,0.41,-3.63,1.09
"245","Yampa-White",2013,8,-2.3,22.43,-2.17,-0.13,-3.59,1.29
"246","Arkansas",2013,9,-1.74,29.12,-2.42,0.68,-1.74,0
"247","Colorado",2013,9,-2.66,18.11,-2.52,-0.14,-3.56,0.9
"248","Gunnison",2013,9,-3.41,9.1,-3.58,0.17,-3.63,0.22
"249","Rio Grande",2013,9,-0.63,42.46,-3.26,2.63,-2.75,2.12
"250","San Juan-Dolores",2013,9,-1.48,32.27,-2.66,1.18,-0.99,-0.49
"251","South Platte",2013,9,-2.75,17.04,-2.54,-0.21,-3.4,0.65
"252","Yampa-White",2013,9,-1.07,37.11,-2.3,1.23,-2.67,1.6
"253","Arkansas",2013,10,-1.51,31.94,-1.74,0.23,-1.2,-0.31
"254","Colorado",2013,10,-0.09,48.91,-2.66,2.57,-3.69,3.6
"255","Gunnison",2013,10,-3.5,7.99,-3.41,-0.08,-3.61,0.11
"256","Rio Grande",2013,10,-1.93,26.86,-0.63,-1.3,-1.88,-0.05
"257","San Juan-Dolores",2013,10,-0.56,43.27,-1.48,0.92,-0.63,0.07
"258","South Platte",2013,10,-0.53,43.64,-2.75,2.22,-3.25,2.72
"259","Yampa-White",2013,10,2.82,83.88,-1.07,3.89,0.33,2.49
"260","Arkansas",2013,11,-1.41,33.04,-1.51,0.1,-1.5,0.09
"261","Colorado",2013,11,1.31,65.74,-0.09,1.4,-3.69,5
"262","Gunnison",2013,11,-3.43,8.79,-3.5,0.06,-3.6,0.17
"263","Rio Grande",2013,11,-1.51,31.86,-1.93,0.42,-1.6,0.09
"264","San Juan-Dolores",2013,11,-0.21,47.48,-0.56,0.35,-0.62,0.41
"265","South Platte",2013,11,1.35,66.26,-0.53,1.88,-3.42,4.77
"266","Yampa-White",2013,11,2.57,80.85,2.82,-0.25,0.37,2.2
"267","Arkansas",2013,12,-1.38,33.45,-1.41,0.03,-1.58,0.2
"268","Colorado",2013,12,2.46,79.55,1.31,1.15,-3.68,6.14
"269","Gunnison",2013,12,-3.39,9.34,-3.43,0.04,-3.59,0.2
"270","Rio Grande",2013,12,-0.61,42.66,-1.51,0.9,-1.93,1.32
"271","San Juan-Dolores",2013,12,-0.03,49.63,-0.21,0.18,-0.63,0.6
"272","South Platte",2013,12,1.83,72,1.35,0.48,-3.39,5.22
"273","Yampa-White",2013,12,3.18,88.13,2.57,0.61,0.41,2.77
"274","Arkansas",2014,1,-0.42,44.91,-1.38,0.96,-2.24,1.82
"275","Colorado",2014,1,-0.54,43.58,2.46,-3,-2.71,2.17
"276","Gunnison",2014,1,-0.47,44.4,-3.39,2.92,-3.33,2.86
"277","Rio Grande",2014,1,-0.31,46.3,-0.61,0.3,-2.4,2.09
"278","San Juan-Dolores",2014,1,-0.23,47.28,-0.03,-0.2,-2.61,2.38
"279","South Platte",2014,1,1,62.03,1.83,-0.83,-3.35,4.35
"280","Yampa-White",2014,1,-0.36,45.73,3.18,-3.54,-1.87,1.51
"281","Arkansas",2014,2,-0.22,47.41,-0.42,0.2,-2.36,2.14
"282","Colorado",2014,2,1.23,64.77,-0.54,1.77,-3.24,4.47
"283","Gunnison",2014,2,-0.33,45.99,-0.47,0.14,-3.32,2.99
"284","Rio Grande",2014,2,-0.92,38.95,-0.31,-0.61,-1.81,0.89
"285","San Juan-Dolores",2014,2,-0.72,41.42,-0.23,-0.49,-2.22,1.5
"286","South Platte",2014,2,1.36,66.34,1,0.36,-3.77,5.13
"287","Yampa-White",2014,2,0.25,53.03,-0.36,0.61,-2.42,2.67
"288","Arkansas",2014,3,-0.26,46.88,-0.22,-0.04,-2.38,2.12
"289","Colorado",2014,3,2.26,77.1,1.23,1.03,-3.44,5.7
"290","Gunnison",2014,3,0.85,60.23,-0.33,1.18,-3.62,4.47
"291","Rio Grande",2014,3,-0.93,38.86,-0.92,-0.01,-2.09,1.16
"292","San Juan-Dolores",2014,3,-0.67,41.96,-0.72,0.04,-2.65,1.98
"293","South Platte",2014,3,2.04,74.54,1.36,0.68,-3.7,5.74
"294","Yampa-White",2014,3,0.75,59.01,0.25,0.5,-2.61,3.36
"295","Arkansas",2014,4,-0.51,43.87,-0.26,-0.25,-2.68,2.17
"296","Colorado",2014,4,2.45,79.36,2.26,0.19,-3.54,5.99
"297","Gunnison",2014,4,1.16,63.95,0.85,0.31,-3.73,4.89
"298","Rio Grande",2014,4,-1.3,34.42,-0.93,-0.37,-3.52,2.22
"299","San Juan-Dolores",2014,4,-1.22,35.31,-0.67,-0.55,-3.01,1.79
"300","South Platte",2014,4,1.8,71.57,2.04,-0.24,-3.74,5.54
"301","Yampa-White",2014,4,2.06,74.7,0.75,1.31,-3.26,5.32
"302","Arkansas",2014,5,-0.69,41.7,-0.51,-0.18,-2.34,1.65
"303","Colorado",2014,5,1.94,73.27,2.45,-0.51,-1.83,3.77
"304","Gunnison",2014,5,0.23,52.74,1.16,-0.93,-3.38,3.61
"305","Rio Grande",2014,5,-1.27,34.73,-1.3,0.03,-3.7,2.43
"306","San Juan-Dolores",2014,5,-1.89,27.36,-1.22,-0.67,-3.07,1.18
"307","South Platte",2014,5,1.15,63.84,1.8,-0.65,-2.77,3.92
"308","Yampa-White",2014,5,3.03,86.38,2.06,0.97,-1.82,4.85
"309","Arkansas",2014,6,-0.04,49.49,-0.69,0.65,-2.73,2.69
"310","Colorado",2014,6,4.04,98.51,1.94,2.1,-1.3,5.34
"311","Gunnison",2014,6,3.61,93.36,0.23,3.38,-3.5,7.11
"312","Rio Grande",2014,6,-2.54,19.56,-1.27,-1.27,-1.91,-0.63
"313","San Juan-Dolores",2014,6,1.23,64.73,-1.89,3.12,-2.56,3.79
"314","South Platte",2014,6,3.72,94.64,1.15,2.57,-1.46,5.18
"315","Yampa-White",2014,6,1.44,67.25,3.03,-1.59,1.78,-0.34
"316","Arkansas",2014,7,-0.09,48.98,-0.04,-0.05,-2.3,2.21
"317","Colorado",2014,7,3.01,86.12,4.04,-1.03,-1.6,4.61
"318","Gunnison",2014,7,0.9,60.77,3.61,-2.71,-3.53,4.43
"319","Rio Grande",2014,7,-0.67,41.93,-2.54,1.87,-3.66,2.99
"320","San Juan-Dolores",2014,7,-1.6,30.8,1.23,-2.83,-3.26,1.66
"321","South Platte",2014,7,3.07,86.85,3.72,-0.65,-2.95,6.02
"322","Yampa-White",2014,7,0.13,51.57,1.44,-1.31,-2.17,2.3
"323","Arkansas",2014,8,0.05,50.63,-0.09,0.14,-2.42,2.47
"324","Colorado",2014,8,0.61,57.31,3.01,-2.4,-2.52,3.13
"325","Gunnison",2014,8,-0.59,42.91,0.9,-1.49,-3.58,2.99
"326","Rio Grande",2014,8,-0.32,46.12,-0.67,0.35,-3.26,2.94
"327","San Juan-Dolores",2014,8,-1.58,31.08,-1.6,0.02,-2.66,1.08
"328","South Platte",2014,8,3.65,93.77,3.07,0.58,-2.54,6.19
"329","Yampa-White",2014,8,0.45,55.37,0.13,0.32,-2.3,2.75
"330","Arkansas",2014,9,0.39,54.69,0.05,0.34,-1.74,2.13
"331","Colorado",2014,9,2.43,79.19,0.61,1.82,-2.66,5.09
"332","Gunnison",2014,9,-1,37.97,-0.59,-0.41,-3.41,2.41
"333","Rio Grande",2014,9,-0.38,45.46,-0.32,-0.06,-0.63,0.25
"334","San Juan-Dolores",2014,9,-0.24,47.16,-1.58,1.34,-1.48,1.24
"335","South Platte",2014,9,3.67,94.07,3.65,0.02,-2.75,6.42
"336","Yampa-White",2014,9,3.43,91.11,0.45,2.98,-1.07,4.5
"337","Arkansas",2014,10,0.77,59.23,0.39,0.38,-1.51,2.28
"338","Colorado",2014,10,2.21,76.57,2.43,-0.22,-0.09,2.3
"339","Gunnison",2014,10,-0.9,39.17,-1,0.1,-3.5,2.6
"340","Rio Grande",2014,10,-0.43,44.83,-0.38,-0.05,-1.93,1.5
"341","San Juan-Dolores",2014,10,-0.01,49.87,-0.24,0.23,-0.56,0.55
"342","South Platte",2014,10,4.04,98.51,3.67,0.37,-0.53,4.57
"343","Yampa-White",2014,10,4.04,98.51,3.43,0.61,2.82,1.22
"344","Arkansas",2014,11,0.84,60.08,0.77,0.07,-1.41,2.25
"345","Colorado",2014,11,1.43,67.16,2.21,-0.78,1.31,0.12
"346","Gunnison",2014,11,-0.21,47.45,-0.9,0.69,-3.43,3.22
"347","Rio Grande",2014,11,-0.02,49.78,-0.43,0.41,-1.51,1.49
"348","San Juan-Dolores",2014,11,0.39,54.71,-0.01,0.4,-0.21,0.6
"349","South Platte",2014,11,4.04,98.51,4.04,0,1.35,2.69
"350","Yampa-White",2014,11,4.04,98.51,4.04,0,2.57,1.47
"351","Arkansas",2014,12,0.87,60.44,0.84,0.03,-1.38,2.25
"352","Colorado",2014,12,2.11,75.3,1.43,0.68,2.46,-0.35
"353","Gunnison",2014,12,1.29,65.5,-0.21,1.5,-3.39,4.68
"354","Rio Grande",2014,12,0.96,61.54,-0.02,0.98,-0.61,1.57
"355","San Juan-Dolores",2014,12,0.3,53.61,0.39,-0.09,-0.03,0.33
"356","South Platte",2014,12,4.04,98.51,4.04,0,1.83,2.21
"357","Yampa-White",2014,12,3.9,96.85,4.04,-0.14,3.18,0.72
"358","Arkansas",2015,1,0.74,58.83,0.87,-0.13,-0.42,1.16
"359","Colorado",2015,1,0.92,61,2.11,-1.19,-0.54,1.46
"360","Gunnison",2015,1,0.54,56.53,1.29,-0.75,-0.47,1.01
"361","Rio Grande",2015,1,-1.24,35.07,0.96,-2.2,-0.31,-0.93
"362","San Juan-Dolores",2015,1,-1.27,34.73,0.3,-1.57,-0.23,-1.04
"363","South Platte",2015,1,2.36,78.34,4.04,-1.68,1,1.36
"364","Yampa-White",2015,1,-0.52,43.72,3.9,-4.42,-0.36,-0.16
"365","Arkansas",2015,2,0.14,51.64,0.74,-0.6,-0.22,0.36
"366","Colorado",2015,2,-0.56,43.31,0.92,-1.48,1.23,-1.79
"367","Gunnison",2015,2,-0.49,44.16,0.54,-1.03,-0.33,-0.16
"368","Rio Grande",2015,2,-1.79,28.48,-1.24,-0.55,-0.92,-0.87
"369","San Juan-Dolores",2015,2,-2.18,23.79,-1.27,-0.91,-0.72,-1.46
"370","South Platte",2015,2,1.82,71.79,2.36,-0.54,1.36,0.46
"371","Yampa-White",2015,2,-1.82,28.13,-0.52,-1.3,0.25,-2.07
"372","Arkansas",2015,3,0.1,51.23,0.14,-0.04,-0.26,0.36
"373","Colorado",2015,3,-0.39,45.37,-0.56,0.17,2.26,-2.65
"374","Gunnison",2015,3,-0.74,41.08,-0.49,-0.25,0.85,-1.59
"375","Rio Grande",2015,3,-1.14,36.29,-1.79,0.65,-0.93,-0.21
"376","San Juan-Dolores",2015,3,-1.64,30.38,-2.18,0.54,-0.67,-0.97
"377","South Platte",2015,3,2.05,74.65,1.82,0.23,2.04,0
"378","Yampa-White",2015,3,-1.81,28.28,-1.82,0.01,0.75,-2.56
"379","Arkansas",2015,4,-0.08,49.06,0.1,-0.18,-0.51,0.43
"380","Colorado",2015,4,-1.66,30.11,-0.39,-1.27,2.45,-4.11
"381","Gunnison",2015,4,-2.03,25.65,-0.74,-1.29,1.16,-3.19
"382","Rio Grande",2015,4,-2.52,19.78,-1.14,-1.38,-1.3,-1.22
"383","San Juan-Dolores",2015,4,-2.8,16.43,-1.64,-1.16,-1.22,-1.58
"384","South Platte",2015,4,1.28,65.34,2.05,-0.77,1.8,-0.52
"385","Yampa-White",2015,4,-2.65,18.15,-1.81,-0.84,2.06,-4.71
"386","Arkansas",2015,5,-0.06,49.29,-0.08,0.02,-0.69,0.63
"387","Colorado",2015,5,-1.76,28.82,-1.66,-0.1,1.94,-3.7
"388","Gunnison",2015,5,-2.3,22.45,-2.03,-0.27,0.23,-2.53
"389","Rio Grande",2015,5,-2.64,18.28,-2.52,-0.12,-1.27,-1.37
"390","San Juan-Dolores",2015,5,-3.03,13.61,-2.8,-0.23,-1.89,-1.14
"391","South Platte",2015,5,2.26,77.14,1.28,0.98,1.15,1.11
"392","Yampa-White",2015,5,-2.11,24.67,-2.65,0.54,3.03,-5.14
"393","Arkansas",2015,6,1.77,71.28,-0.06,1.83,-0.04,1.81
"394","Colorado",2015,6,0.44,55.24,-1.76,2.2,4.04,-3.6
"395","Gunnison",2015,6,0.39,54.63,-2.3,2.69,3.61,-3.22
"396","Rio Grande",2015,6,-1.56,31.3,-2.64,1.08,-2.54,0.98
"397","San Juan-Dolores",2015,6,-1.23,35.21,-3.03,1.8,1.23,-2.46
"398","South Platte",2015,6,3.65,93.77,2.26,1.39,3.72,-0.07
"399","Yampa-White",2015,6,-1.79,28.57,-2.11,0.32,1.44,-3.23
"400","Arkansas",2015,7,3.77,95.2,1.77,2,-0.09,3.86
"401","Colorado",2015,7,2.12,75.48,0.44,1.68,3.01,-0.89
"402","Gunnison",2015,7,2.54,80.43,0.39,2.15,0.9,1.64
"403","Rio Grande",2015,7,1.6,69.15,-1.56,3.16,-0.67,2.27
"404","San Juan-Dolores",2015,7,2.55,80.56,-1.23,3.78,-1.6,4.15
"405","South Platte",2015,7,3.95,97.44,3.65,0.3,3.07,0.88
"406","Yampa-White",2015,7,-0.67,41.98,-1.79,1.12,0.13,-0.8
"407","Arkansas",2015,8,3.48,91.79,3.77,-0.29,0.05,3.43
"408","Colorado",2015,8,0.29,53.45,2.12,-1.83,0.61,-0.32
"409","Gunnison",2015,8,1.94,73.23,2.54,-0.6,-0.59,2.53
"410","Rio Grande",2015,8,1.33,65.94,1.6,-0.27,-0.32,1.65
"411","San Juan-Dolores",2015,8,2.53,80.33,2.55,-0.02,-1.58,4.11
"412","South Platte",2015,8,3.66,93.98,3.95,-0.29,3.65,0.01
"413","Yampa-White",2015,8,0.29,53.49,-0.67,0.96,0.45,-0.16
"414","Arkansas",2015,10,2.81,83.72,2.57,0.24,0.76,2.04
"415","Colorado",2015,10,1.08,63.07,-0.27,1.36,2.21,-1.12
"416","Gunnison",2015,10,2.8,83.7,2.23,0.57,-0.9,3.71
"417","Rio Grande",2015,10,1.53,68.47,1.17,0.35,-0.43,1.96
"418","San Juan-Dolores",2015,10,1.56,68.78,1.13,0.43,-0.01,1.57
"419","South Platte",2015,10,2.96,85.61,3.03,-0.07,4.04,-1.07
"420","Yampa-White",2015,10,4.04,98.5,0.09,3.94,4.04,0
"421","Arkansas",2015,9,2.57,80.84,3.48,-0.91,0.39,2.17
"422","Colorado",2015,9,-0.27,46.72,0.28,-0.56,2.43,-2.7
"423","Gunnison",2015,9,2.23,76.87,1.93,0.3,-1,3.24
"424","Rio Grande",2015,9,1.17,64.15,1.32,-0.14,-0.37,1.55
"425","San Juan-Dolores",2015,9,1.15,63.86,2.52,-1.36,-0.23,1.38
"426","South Platte",2015,9,3.03,86.47,3.66,-0.62,3.67,-0.63
"427","Yampa-White",2015,9,0.34,54.15,0.29,0.05,3.42,-3.07
"428","Arkansas",2015,11,2.32,77.89,2.81,-0.48,0.84,1.48
"429","Colorado",2015,11,-0.19,47.67,1.08,-1.28,1.42,-1.62
"430","Gunnison",2015,11,1.74,70.93,2.8,-1.06,-0.21,1.95
"431","Rio Grande",2015,11,1.67,70.07,1.53,0.13,-0.01,1.69
"432","San Juan-Dolores",2015,11,1.28,65.39,1.56,-0.28,0.39,0.89
"433","South Platte",2015,11,2.36,78.43,2.96,-0.59,4.04,-1.67
"434","Yampa-White",2015,11,4.04,98.5,4.04,0,4.04,0
"435","Arkansas",2015,12,2.31,77.81,2.32,0,0.87,1.44
"436","Colorado",2015,12,0.27,53.26,-0.19,0.46,2.1,-1.83
"437","Gunnison",2015,12,2.55,80.67,1.74,0.81,1.29,1.26
"438","Rio Grande",2015,12,2.04,74.55,1.67,0.37,0.96,1.08
"439","San Juan-Dolores",2015,12,1.15,63.91,1.28,-0.12,0.3,0.85
"440","South Platte",2015,12,2.21,76.55,2.36,-0.15,4.04,-1.82
"441","Yampa-White",2015,12,4.04,98.5,4.04,0,3.9,0.13
"442","Arkansas",2016,1,2.08,75.01,2.31,-0.23,2.06,0.01
"443","Colorado",2016,1,-0.3,46.39,0.27,-0.57,0.61,-0.91
"444","Gunnison",2016,1,1.39,66.69,2.55,-1.16,0.46,0.93
"445","Rio Grande",2016,1,0.86,60.32,2.04,-1.18,0,0.85
"446","San Juan-Dolores",2016,1,1.21,64.6,1.15,0.05,-0.24,1.46
"447","South Platte",2016,1,1.09,63.17,2.21,-1.11,4.04,-2.94
"448","Yampa-White",2016,1,-0.65,42.12,4.04,-4.69,-0.99,0.34
"449","Arkansas",2016,2,2.09,75.17,2.08,0.01,2.09,0
"450","Colorado",2016,2,-0.1,48.7,-0.3,0.19,0.67,-0.78
"451","Gunnison",2016,2,1.5,68.07,1.38,0.12,0.6,0.89
"452","Rio Grande",2016,2,0.66,57.97,0.85,-0.19,0,0.65
"453","San Juan-Dolores",2016,2,1.23,64.86,1.21,0.02,-0.24,1.48
"454","South Platte",2016,2,0.96,61.54,1.09,-0.13,4.04,-3.08
"455","Yampa-White",2016,2,-0.6,42.78,-0.65,0.05,-0.99,0.39
"456","Arkansas",2016,3,2.02,74.34,2.09,-0.06,2.09,-0.06
"457","Colorado",2016,3,-0.8,40.39,-0.1,-0.69,0.74,-1.55
"458","Gunnison",2016,3,-0.15,48.12,1.5,-1.66,0.69,-0.84
"459","Rio Grande",2016,3,0.05,50.62,0.64,-0.59,0,0.04
"460","San Juan-Dolores",2016,3,0.25,53,1.24,-0.98,-0.22,0.47
"461","South Platte",2016,3,0.66,57.96,0.96,-0.29,4.04,-3.37
"462","Yampa-White",2016,3,-1.18,35.75,-0.6,-0.58,-0.99,-0.19
"463","Arkansas",2016,4,1.72,70.71,2.02,-0.3,2.09,-0.36
"464","Colorado",2016,4,-0.63,42.33,-0.8,0.16,0.76,-1.4
"465","Gunnison",2016,4,-0.14,48.23,-0.15,0,0.88,-1.03
"466","Rio Grande",2016,4,-0.79,40.49,0.05,-0.84,0.03,-0.82
"467","San Juan-Dolores",2016,4,-0.69,41.63,0.25,-0.94,-0.2,-0.48
"468","South Platte",2016,4,1.06,62.73,0.66,0.39,4.04,-2.98
"469","Yampa-White",2016,4,-0.63,42.34,-1.18,0.54,-0.99,0.35
"470","Arkansas",2016,5,1.8,71.7,1.72,0.08,1.95,-0.14
"471","Colorado",2016,5,-0.64,42.23,-0.63,0,0.74,-1.38
"472","Gunnison",2016,5,0.06,50.72,-0.14,0.2,1.61,-1.55
"473","Rio Grande",2016,5,-0.65,42.17,-0.79,0.13,0.13,-0.78
"474","San Juan-Dolores",2016,5,-0.54,43.49,-0.69,0.15,0.26,-0.81
"475","South Platte",2016,5,2.07,74.95,1.09,0.98,4.04,-1.96
"476","Yampa-White",2016,5,-0.37,45.53,-0.63,0.26,-0.67,0.29
"477","Arkansas",2016,6,1.84,72.12,1.87,-0.02,2.96,-1.12
"478","Colorado",2016,6,0.05,50.67,0.27,-0.21,1.55,-1.5
"479","Gunnison",2016,6,0.33,54,1.63,-1.29,3.01,-2.67
"480","Rio Grande",2016,6,-0.47,44.28,-0.19,-0.27,0.93,-1.4
"481","San Juan-Dolores",2016,6,0.38,54.57,0.11,0.26,1.33,-0.95
"482","South Platte",2016,6,1.89,72.78,1.51,0.38,3.96,-2.06
"483","Yampa-White",2016,6,0.46,55.56,0.26,0.2,-0.47,0.93
"484","Arkansas",2016,7,2.35,78.23,1.84,0.5,3.76,-1.41
"485","Colorado",2016,7,1.64,69.78,0.05,1.59,2.11,-0.46
"486","Gunnison",2016,7,1.47,67.71,0.33,1.14,2.42,-0.94
"487","Rio Grande",2016,7,0.9,60.83,-0.47,1.37,1.59,-0.69
"488","San Juan-Dolores",2016,7,1.5,68.07,0.38,1.12,2.67,-1.17
"489","South Platte",2016,7,2.5,80.02,1.89,0.6,3.95,-1.45
"490","Yampa-White",2016,7,0.21,52.55,0.46,-0.25,-0.66,0.88
"491","Arkansas",2016,8,1.91,73,2.35,-0.43,3.48,-1.56
"492","Colorado",2016,8,-0.04,49.45,1.71,-1.75,0.25,-0.3
"493","Gunnison",2016,8,-0.13,48.34,1.47,-1.61,1.93,-2.07
"494","Rio Grande",2016,8,0.55,56.63,0.9,-0.35,1.31,-0.76
"495","San Juan-Dolores",2016,8,1.38,66.59,1.53,-0.14,2.52,-1.14
"496","South Platte",2016,8,1.78,71.41,2.5,-0.72,3.66,-1.88
"497","Yampa-White",2016,8,-0.32,46.07,0.2,-0.52,0.29,-0.61
"498","Arkansas",2016,9,2.01,74.14,1.91,0.09,2.56,-0.55
"499","Colorado",2016,9,-0.22,47.26,-0.04,-0.18,-0.44,0.21
"500","Gunnison",2016,9,0.65,57.84,-0.11,0.77,2.2,-1.54
"501","Rio Grande",2016,9,1.26,65.14,0.56,0.7,1.16,0.1
"502","San Juan-Dolores",2016,9,2.22,76.68,1.37,0.84,1.09,1.12
"503","South Platte",2016,9,2.22,76.67,1.81,0.41,3.04,-0.82
"504","Yampa-White",2016,9,-0.45,44.53,-0.33,-0.12,0.33,-0.79
"505","Arkansas",2016,10,2.01,74.18,2.01,0,2.81,-0.79
"506","Colorado",2016,10,0.96,61.55,-0.28,1.24,1.08,-0.12
"507","Gunnison",2016,10,-0.09,48.9,0.65,-0.74,2.8,-2.9
"508","Rio Grande",2016,10,1.83,72.07,1.26,0.57,1.52,0.31
"509","San Juan-Dolores",2016,10,2.08,75.07,2.21,-0.12,1.55,0.53
"510","South Platte",2016,10,2.78,83.43,2.22,0.56,3.02,-0.24
"511","Yampa-White",2016,10,3.59,93.11,-0.44,4.03,4.04,-0.44
"512","Arkansas",2016,11,2.01,74.22,2.01,0,2.32,-0.3
"513","Colorado",2016,11,0,49.95,0.96,-0.96,-0.19,0.18
"514","Gunnison",2016,11,-0.49,44.03,-0.08,-0.4,1.74,-2.24
"515","Rio Grande",2016,11,2.01,74.2,1.87,0.14,1.65,0.35
"516","San Juan-Dolores",2016,11,2.5,80.01,2.08,0.41,1.28,1.22
"517","South Platte",2016,11,1.75,71.01,2.78,-1.03,2.6,-0.85
"518","Yampa-White",2016,11,3.83,95.98,3.59,0.23,4.04,-0.2
"519","Arkansas",2016,12,2,74.05,2.01,-0.01,2.31,-0.31
"520","Colorado",2016,12,0.52,56.27,0,0.52,0.27,0.25
"521","Gunnison",2016,12,-0.23,47.14,-0.49,0.25,2.55,-2.79
"522","Rio Grande",2016,12,1.99,73.88,2.01,-0.02,2.04,-0.05
"523","San Juan-Dolores",2016,12,2.78,83.41,2.5,0.28,1.15,1.62
"524","South Platte",2016,12,1.78,71.4,1.75,0.03,2.62,-0.84
"525","Yampa-White",2016,12,4.02,98.3,3.83,0.19,4.04,-0.01
"526","Arkansas",2017,1,1.65,69.91,2,-0.34,2.03,-0.37
"527","Colorado",2017,1,0,50.08,0.52,-0.51,-0.18,0.19
"528","Gunnison",2017,1,0.52,56.34,-0.23,0.76,0.29,0.23
"529","Rio Grande",2017,1,-0.18,47.79,1.99,-2.17,0.39,-0.58
"530","San Juan-Dolores",2017,1,0.67,58.11,2.78,-2.1,-0.52,1.19
"531","South Platte",2017,1,0.89,60.7,1.78,-0.89,1.88,-0.99
"532","Yampa-White",2017,1,-0.57,43.07,4.02,-4.6,0.36,-0.94
"533","Arkansas",2017,2,2.04,74.48,1.65,0.38,2.05,-0.01
"534","Colorado",2017,2,2.49,79.97,0,2.49,-0.17,2.67
"535","Gunnison",2017,2,2.88,84.66,0.52,2.36,-0.07,2.96
"536","Rio Grande",2017,2,1.65,69.91,-0.18,1.84,0.38,1.27
"537","San Juan-Dolores",2017,2,2.37,78.46,0.67,1.69,-0.52,2.89
"538","South Platte",2017,2,1.71,70.57,0.89,0.82,1.81,-0.1
"539","Yampa-White",2017,2,0.63,57.64,-0.57,1.21,0.36,0.27
"540","Arkansas",2017,3,1.74,70.9,2.04,-0.29,2.04,-0.3
"541","Colorado",2017,3,2.48,79.87,2.49,0,-0.16,2.65
"542","Gunnison",2017,3,2.94,85.38,2.88,0.05,0.02,2.91
"543","Rio Grande",2017,3,1.46,67.61,1.65,-0.19,0.4,1.06
"544","San Juan-Dolores",2017,3,2.22,76.71,2.37,-0.14,-0.52,2.74
"545","South Platte",2017,3,1.6,69.29,1.69,-0.09,1.76,-0.16
"546","Yampa-White",2017,3,0.4,54.85,0.63,-0.23,0.36,0.04
"547","Arkansas",2017,4,1.6,69.24,1.74,-0.13,1.91,-0.31
"548","Colorado",2017,4,1.26,65.12,2.48,-1.22,-0.15,1.41
"549","Gunnison",2017,4,2.67,82.14,2.94,-0.26,0.08,2.59
"550","Rio Grande",2017,4,0.86,60.36,1.46,-0.6,0.38,0.48
"551","San Juan-Dolores",2017,4,1.61,69.33,2.22,-0.61,-0.54,2.15
"552","South Platte",2017,4,1.01,62.2,1.6,-0.59,1.76,-0.74
"553","Yampa-White",2017,4,-0.69,41.68,0.4,-1.09,0.36,-1.05
"554","Arkansas",2017,5,1.66,69.96,1.6,0.06,1.79,-0.13
"555","Colorado",2017,5,1.5,68,1.26,0.23,0.19,1.3
"556","Gunnison",2017,5,3.27,89.25,2.67,0.59,0.05,3.21
"557","Rio Grande",2017,5,0.91,61.03,0.86,0.05,0.39,0.52
"558","San Juan-Dolores",2017,5,1.71,70.52,1.61,0.09,-0.16,1.87
"559","South Platte",2017,5,0.92,61.05,1.01,-0.09,2.01,-1.08
"560","Yampa-White",2017,5,-0.31,46.16,-0.69,0.37,0.14,-0.46
"561","Arkansas",2017,6,1.93,73.27,1.71,0.22,1.88,0.05
"562","Colorado",2017,6,1.47,67.68,1.5,-0.02,0.43,1.03
"563","Gunnison",2017,6,1.49,67.91,3.27,-1.77,0.39,1.09
"564","Rio Grande",2017,6,0.61,57.4,0.96,-0.34,0.7,-0.08
"565","San Juan-Dolores",2017,6,1.18,64.21,1.4,-0.22,1.19,-0.01
"566","South Platte",2017,6,2.31,77.82,1.01,1.3,1.9,0.41
"567","Yampa-White",2017,6,-0.49,44.06,-0.31,-0.17,-0.29,-0.2
"568","Arkansas",2017,7,2.85,84.29,1.93,0.91,2.35,0.5
"569","Colorado",2017,7,0.86,60.41,1.5,-0.63,1.71,-0.85
"570","Gunnison",2017,7,2.34,78.13,1.49,0.85,1.49,0.85
"571","Rio Grande",2017,7,1.1,63.26,0.61,0.48,0.9,0.19
"572","San Juan-Dolores",2017,7,1.77,71.31,1.18,0.59,1.52,0.25
"573","South Platte",2017,7,2.45,79.43,2.25,0.19,2.56,-0.11
"574","Yampa-White",2017,7,-0.6,42.79,-0.49,-0.1,0.38,-0.98
"575","Arkansas",2017,8,2.65,81.83,2.85,-0.2,1.91,0.73
"576","Colorado",2017,8,0.07,50.93,0.86,-0.79,-0.04,0.12
"577","Gunnison",2017,8,1.9,72.82,2.14,-0.23,-0.11,2.01
"578","Rio Grande",2017,8,1.48,67.79,1.1,0.37,0.56,0.91
"579","San Juan-Dolores",2017,8,2.44,79.35,1.79,0.65,1.41,1.03
"580","South Platte",2017,8,2.53,80.44,2.45,0.08,1.82,0.71
"581","Yampa-White",2017,8,-0.38,45.41,-0.62,0.24,-0.33,-0.05
"582","Arkansas",2017,9,3.14,87.68,2.65,0.48,2.01,1.12
"583","Colorado",2017,9,0.73,58.83,0.07,0.65,-0.27,1.01
"584","Gunnison",2017,9,3.01,86.19,1.95,1.06,0.66,2.35
"585","Rio Grande",2017,9,2.95,85.41,1.48,1.46,1.25,1.69
"586","San Juan-Dolores",2017,9,2.51,80.2,2.46,0.05,2.17,0.34
"587","South Platte",2017,9,3.1,87.22,2.55,0.54,2.22,0.88
"588","Yampa-White",2017,9,0.51,56.13,-0.37,0.88,-0.48,0.99
"589","Arkansas",2017,10,2.89,84.68,3.14,-0.24,2.01,0.87
"590","Colorado",2017,10,0.71,58.59,0.73,-0.01,0.96,-0.25
"591","Gunnison",2017,10,2.89,84.7,3.02,-0.13,-0.09,2.99
"592","Rio Grande",2017,10,3.13,87.65,3,0.13,1.8,1.32
"593","San Juan-Dolores",2017,10,2.02,74.31,2.51,-0.48,2.09,-0.06
"594","South Platte",2017,10,3.11,87.34,3.1,0.01,2.78,0.32
"595","Yampa-White",2017,10,3.45,91.41,0.5,2.95,3.51,-0.06
"596","Arkansas",2017,11,3.02,86.34,2.9,0.12,2.03,0.99
"597","Colorado",2017,11,-0.18,47.77,0.69,-0.87,0,-0.19
"598","Gunnison",2017,11,2.42,79.09,2.89,-0.46,-0.97,3.39
"599","Rio Grande",2017,11,3.12,87.44,3.12,0,2.01,1.1
"600","San Juan-Dolores",2017,11,1.66,69.97,2.02,-0.36,2.5,-0.83
"601","South Platte",2017,11,3.17,88.07,3.13,0.03,2.07,1.09
"602","Yampa-White",2017,11,3.77,95.27,3.45,0.32,3.85,-0.07
"603","Arkansas",2017,12,2.9,84.87,3.02,-0.12,2.01,0.89
"604","Colorado",2017,12,0.28,53.37,-0.18,0.46,0.52,-0.24
"605","Gunnison",2017,12,2.73,82.77,2.42,0.3,-0.24,2.97
"606","Rio Grande",2017,12,3.1,87.24,3.12,-0.01,1.97,1.12
"607","San Juan-Dolores",2017,12,1.68,70.16,1.66,0.01,2.78,-1.1
"608","South Platte",2017,12,3.44,91.39,3.17,0.27,1.67,1.77
"609","Yampa-White",2017,12,3.78,95.44,3.77,0.01,3.85,-0.06
"610","Arkansas",2018,1,1.99,73.89,2.9,-0.91,2.06,-0.06
"611","Colorado",2018,1,-2.16,24,0.28,-2.44,-0.39,-1.77
"612","Gunnison",2018,1,-2.86,15.59,2.73,-5.59,1.77,-4.64
"613","Rio Grande",2018,1,-3.01,13.82,3.1,-6.11,1.17,-4.19
"614","San Juan-Dolores",2018,1,-2.85,15.76,1.68,-4.53,1.38,-4.23
"615","South Platte",2018,1,1.31,65.77,3.44,-2.13,1.56,-0.24
"616","Yampa-White",2018,1,-1.95,26.49,3.78,-5.74,-0.95,-1
"617","Arkansas",2018,2,1.98,73.83,1.99,0,2.07,-0.08
"618","Colorado",2018,2,-2.37,21.51,-2.16,-0.2,-0.4,-1.97
"619","Gunnison",2018,2,-3.15,12.14,-2.86,-0.28,1.96,-5.12
"620","Rio Grande",2018,2,-3.18,11.72,-3.01,-0.17,1.18,-4.37
"621","San Juan-Dolores",2018,2,-2.95,14.54,-2.85,-0.1,1.38,-4.34
"622","South Platte",2018,2,1.19,64.28,1.31,-0.12,1.48,-0.29
"623","Yampa-White",2018,2,-2.27,22.65,-1.95,-0.31,-0.95,-1.32
"624","Arkansas",2018,3,1.72,70.75,1.98,-0.25,2.05,-0.32
"625","Colorado",2018,3,-2.25,22.9,-2.37,0.11,-0.38,-1.87
"626","Gunnison",2018,3,-3.1,12.68,-3.15,0.04,2,-5.11
"627","Rio Grande",2018,3,-2.43,20.74,-3.18,0.75,1.19,-3.63
"628","San Juan-Dolores",2018,3,-2.84,15.83,-2.95,0.1,1.37,-4.22
"629","South Platte",2018,3,1.25,65,1.19,0.06,1.47,-0.22
"630","Yampa-White",2018,3,-1.98,26.16,-2.27,0.29,-0.95,-1.03
"631","Arkansas",2018,4,1.65,69.9,1.72,-0.07,1.92,-0.26
"632","Colorado",2018,4,-2.93,14.83,-2.25,-0.67,-0.37,-2.55
"633","Gunnison",2018,4,-3.53,7.62,-3.1,-0.42,2.05,-5.58
"634","Rio Grande",2018,4,-3.24,11.02,-2.43,-0.81,1.23,-4.48
"635","San Juan-Dolores",2018,4,-3.14,12.24,-2.84,-0.29,1.48,-4.63
"636","South Platte",2018,4,1.09,63.12,1.22,-0.13,1.37,-0.28
"637","Yampa-White",2018,4,-2.08,25,-1.98,-0.09,-0.95,-1.12
"638","Arkansas",2018,5,1.59,69.17,1.65,-0.06,1.86,-0.26
"639","Colorado",2018,5,-1.74,29.1,-2.93,1.18,-0.55,-1.18
"640","Gunnison",2018,5,-3.48,8.18,-3.53,0.04,1.8,-5.28
"641","Rio Grande",2018,5,-3.67,5.84,-3.24,-0.43,0.76,-4.44
"642","San Juan-Dolores",2018,5,-3.31,10.22,-3.14,-0.16,1.05,-4.36
"643","South Platte",2018,5,0.23,52.85,1.09,-0.85,1.47,-1.24
"644","Yampa-White",2018,5,-1.53,31.54,-2.08,0.54,-1.01,-0.51
"645","Arkansas",2018,6,1.4,66.82,1.63,-0.23,2.72,-1.32
"646","Colorado",2018,6,-3.53,7.57,-1.74,-1.79,0.09,-3.63
"647","Gunnison",2018,6,-3.65,6.1,-3.48,-0.17,1.86,-5.52
"648","Rio Grande",2018,6,-3.67,5.84,-3.77,0.09,0.87,-4.55
"649","San Juan-Dolores",2018,6,-3.34,9.84,-3.33,-0.01,1.29,-4.64
"650","South Platte",2018,6,1.27,65.24,0.27,0.99,2,-0.73
"651","Yampa-White",2018,6,-2.59,18.86,-1.53,-1.05,-0.52,-2.07
"652","Arkansas",2018,7,0.61,57.33,1.4,-0.79,2.85,-2.24
"653","Colorado",2018,7,-3.59,6.89,-3.53,-0.05,0.72,-4.31
"654","Gunnison",2018,7,-3.68,5.74,-3.65,-0.03,1.76,-5.44
"655","Rio Grande",2018,7,-3.64,6.25,-3.67,0.03,1.13,-4.77
"656","San Juan-Dolores",2018,7,-3.35,9.69,-3.34,-0.01,1.82,-5.18
"657","South Platte",2018,7,-0.14,48.22,1.27,-1.41,2.38,-2.52
"658","Yampa-White",2018,7,-3.59,6.86,-2.59,-1,-0.63,-2.96
"659","Arkansas",2018,8,1.58,69.02,0.61,0.97,2.67,-1.09
"660","Colorado",2018,8,-3.65,6.19,-3.59,-0.05,0.07,-3.72
"661","Gunnison",2018,8,-3.75,4.92,-3.68,-0.06,1.76,-5.52
"662","Rio Grande",2018,8,-1.77,28.73,-3.64,1.87,1.48,-3.26
"663","San Juan-Dolores",2018,8,-2.56,19.17,-3.35,0.78,2.46,-5.03
"664","South Platte",2018,8,-0.23,47.14,-0.14,-0.08,2.57,-2.8
"665","Yampa-White",2018,8,-3.43,8.76,-3.59,0.15,-0.37,-3.06
"666","Arkansas",2018,9,1.8,71.65,1.58,0.21,3.12,-1.32
"667","Colorado",2018,9,-3.56,7.19,-3.65,0.08,0.98,-4.54
"668","Gunnison",2018,9,-3.75,4.97,-3.75,0,3.02,-6.77
"669","Rio Grande",2018,9,-1.99,26.11,-1.77,-0.21,2.78,-4.77
"670","San Juan-Dolores",2018,9,-2.26,22.85,-2.56,0.3,2.52,-4.79
"671","South Platte",2018,9,0.56,56.75,-0.23,0.8,3.09,-2.53
"672","Yampa-White",2018,9,-2.69,17.63,-3.43,0.74,0.49,-3.19
"673","Arkansas",2018,10,1.95,73.45,1.81,0.14,2.9,-0.94
"674","Colorado",2018,10,-3.13,12.36,-3.57,0.43,0.83,-3.97
"675","Gunnison",2018,10,-3.82,4.1,-3.75,-0.07,2.88,-6.7
"676","Rio Grande",2018,10,1.54,68.52,-1.71,3.25,3.14,-1.6
"677","San Juan-Dolores",2018,10,-0.9,39.18,-2.25,1.35,2.02,-2.92
"678","South Platte",2018,10,-0.1,48.7,0.56,-0.67,3.11,-3.22
"679","Yampa-White",2018,10,0.82,59.95,-2.63,3.46,3.3,-2.47
"680","Arkansas",2018,11,2,74.03,1.95,0.04,3.02,-1.02
"681","Colorado",2018,11,-2.85,15.77,-3.13,0.28,0.01,-2.87
"682","Gunnison",2018,11,-3.89,3.3,-3.82,-0.06,2.42,-6.31
"683","Rio Grande",2018,11,1.6,69.26,1.54,0.06,3.11,-1.51
"684","San Juan-Dolores",2018,11,-0.86,39.61,-0.9,0.03,1.66,-2.53
"685","South Platte",2018,11,-0.06,49.25,-0.1,0.04,3.15,-3.22
"686","Yampa-White",2018,11,1.42,67.11,0.82,0.59,3.64,-2.22
"687","Arkansas",2018,12,1.97,73.7,2,-0.02,2.9,-0.93
"688","Colorado",2018,12,-2.78,16.62,-2.85,0.07,0.29,-3.07
"689","Gunnison",2018,12,-3.89,3.22,-3.89,0,2.73,-6.62
"690","Rio Grande",2018,12,1.67,70.09,1.6,0.06,3.1,-1.43
"691","San Juan-Dolores",2018,12,-0.87,39.49,-0.86,0,1.68,-2.55
"692","South Platte",2018,12,-1.03,37.61,-0.06,-0.97,3.29,-4.32
"693","Yampa-White",2018,12,0.49,55.88,1.42,-0.93,3.78,-3.29
"694","Arkansas",2019,1,1.89,72.77,1.97,-0.07,2.7,-0.8
"695","Colorado",2019,1,-2.43,20.76,-2.78,0.34,1.08,-3.52
"696","Gunnison",2019,1,-3.9,3.13,-3.89,0,2.4,-6.3
"697","Rio Grande",2019,1,1.35,66.22,1.67,-0.32,3,-1.65
"698","San Juan-Dolores",2019,1,-0.89,39.31,-0.87,-0.01,1.65,-2.54
"699","South Platte",2019,1,-0.33,45.92,-0.84,0.5,3.35,-3.69
"700","Yampa-White",2019,1,0.68,58.19,0.49,0.19,4.04,-3.35
"701","Arkansas",2019,2,1.38,66.63,1.89,-0.51,1.98,-0.6
"702","Colorado",2019,2,-0.17,47.88,-2.43,2.26,-2.37,2.19
"703","Gunnison",2019,2,-1.79,28.43,-3.9,2.1,-3.15,1.35
"704","Rio Grande",2019,2,-0.8,40.3,1.35,-2.15,-3.18,2.38
"705","San Juan-Dolores",2019,2,-1.44,32.62,-0.89,-0.55,-2.95,1.5
"706","South Platte",2019,2,0.38,54.63,-0.33,0.72,1.16,-0.77
"707","Yampa-White",2019,2,-0.54,43.49,0.68,-1.22,-2.27,1.73
"708","Arkansas",2019,3,1.43,67.2,1.38,0.04,1.73,-0.3
"709","Colorado",2019,3,0.45,55.47,-0.17,0.63,-2.25,2.71
"710","Gunnison",2019,3,-0.11,48.62,-1.79,1.68,-3.1,2.99
"711","Rio Grande",2019,3,0.58,57.06,-0.8,1.39,-2.43,3.02
"712","San Juan-Dolores",2019,3,0.6,57.23,-1.44,2.05,-2.84,3.45
"713","South Platte",2019,3,0.37,54.44,0.38,-0.01,1.22,-0.85
"714","Yampa-White",2019,3,-0.33,46.02,-0.54,0.21,-1.98,1.65
"715","Arkansas",2019,4,1.73,70.8,1.43,0.3,1.65,0.07
"716","Colorado",2019,4,2.56,80.83,0.45,2.11,-2.93,5.49
"717","Gunnison",2019,4,2.61,81.41,-0.11,2.73,-3.53,6.14
"718","Rio Grande",2019,4,2.79,83.57,0.58,2.2,-3.24,6.04
"719","San Juan-Dolores",2019,4,1.87,72.48,0.6,1.27,-3.14,5.01
"720","South Platte",2019,4,1.17,64.07,0.37,0.8,1.09,0.07
"721","Yampa-White",2019,4,0.43,55.23,-0.33,0.76,-2.08,2.51
"722","Arkansas",2019,5,1.69,70.39,1.73,-0.03,1.59,0.1
"723","Colorado",2019,5,2.71,82.54,2.56,0.14,-1.74,4.45
"724","Gunnison",2019,5,3.37,90.47,2.61,0.75,-3.48,6.85
"725","Rio Grande",2019,5,2.92,85.15,2.79,0.13,-3.77,6.7
"726","San Juan-Dolores",2019,5,3.05,86.61,1.87,1.17,-3.31,6.36
"727","South Platte",2019,5,0.81,59.81,1.17,-0.35,0.21,0.6
"728","Yampa-White",2019,5,0.13,51.58,0.43,-0.3,-1.95,2.08
"729","Arkansas",2019,6,2.91,84.97,1.7,1.2,1.42,1.49
"730","Colorado",2019,6,3.34,90.15,2.71,0.63,0.28,3.06
"731","Gunnison",2019,6,3.46,91.58,3.37,0.09,-2.35,5.82
"732","Rio Grande",2019,6,3.94,97.31,2.29,1.64,-0.41,4.35
"733","San Juan-Dolores",2019,6,2.52,80.25,3.05,-0.52,-2.48,5.01
"734","South Platte",2019,6,1.77,71.33,0.81,0.96,1.83,-0.05
"735","Yampa-White",2019,6,2.4,78.87,0.13,2.27,-2.59,5
"736","Arkansas",2019,7,1.63,69.58,2.91,-1.28,0.63,0.99
"737","Colorado",2019,7,3.16,87.92,3.34,-0.18,-3.57,6.73
"738","Gunnison",2019,7,3.33,90.04,3.46,-0.12,-3.67,7.01
"739","Rio Grande",2019,7,3.86,96.39,3.85,0.01,-3.64,7.51
"740","San Juan-Dolores",2019,7,4.04,98.5,2.52,1.52,-3.34,7.39
"741","South Platte",2019,7,1.81,71.72,1.77,0.03,-0.12,1.93
"742","Yampa-White",2019,7,2.98,85.76,2.4,0.57,-3.59,6.57
"743","Arkansas",2019,8,2.51,80.19,1.63,0.88,1.58,0.92
"744","Colorado",2019,8,3.63,93.56,3.14,0.48,-3.64,7.27
"745","Gunnison",2019,8,3.8,95.6,3.33,0.46,-3.75,7.55
"746","Rio Grande",2019,8,3.23,88.84,3.86,-0.62,-2.02,5.25
"747","San Juan-Dolores",2019,8,3.95,97.4,4.04,-0.09,-2.57,6.52
"748","South Platte",2019,8,3.73,94.8,1.81,1.92,-0.22,3.95
"749","Yampa-White",2019,8,3.65,93.91,2.99,0.65,-3.45,7.11
"750","Arkansas",2019,9,2.05,74.62,2.51,-0.46,1.81,0.24
"751","Colorado",2019,9,3.22,88.73,3.62,-0.39,-3.57,6.8
"752","Gunnison",2019,9,3.07,86.94,3.79,-0.71,-3.75,6.82
"753","Rio Grande",2019,9,2.79,83.54,3.23,-0.44,-1.71,4.5
"754","San Juan-Dolores",2019,9,3.41,90.92,3.95,-0.53,-2.25,5.67
"755","South Platte",2019,9,3.17,88.11,3.73,-0.55,0.56,2.6
"756","Yampa-White",2019,9,3.08,87.02,3.65,-0.56,-2.64,5.72
"757","Arkansas",2019,10,1.98,73.85,2.05,-0.06,1.95,0.03
"758","Colorado",2019,10,3.21,88.59,3.22,-0.01,-3.13,6.35
"759","Gunnison",2019,10,2.93,85.24,3.07,-0.14,-3.82,6.76
"760","Rio Grande",2019,10,2.7,82.42,2.79,-0.09,1.54,1.15
"761","San Juan-Dolores",2019,10,2.53,80.36,3.41,-0.88,-0.9,3.43
"762","South Platte",2019,10,3.21,88.55,3.17,0.03,-0.1,3.32
"763","Yampa-White",2019,10,4.04,98.5,3.08,0.95,0.82,3.21
"764","Arkansas",2019,11,2,74.11,1.98,0.02,2,0
"765","Colorado",2019,11,0.89,60.68,3.21,-2.32,-2.85,3.74
"766","Gunnison",2019,11,2.93,85.21,2.93,0,-3.89,6.82
"767","Rio Grande",2019,11,2.31,77.74,2.7,-0.39,2.02,0.29
"768","San Juan-Dolores",2019,11,2.39,78.76,2.53,-0.13,-0.86,3.26
"769","South Platte",2019,11,3.09,87.15,3.21,-0.11,-0.35,3.45
"770","Yampa-White",2019,11,4.04,98.5,4.04,0,1.42,2.61
"771","Arkansas",2019,12,2.02,74.35,2.01,0.01,1.97,0.05
"772","Colorado",2019,12,1.5,68.05,0.88,0.61,-2.78,4.28
"773","Gunnison",2019,12,2.53,80.44,2.93,-0.39,-3.89,6.43
"774","Rio Grande",2019,12,2.23,76.81,2.31,-0.07,1.85,0.38
"775","San Juan-Dolores",2019,12,2.33,77.99,2.39,-0.06,-0.87,3.2
"776","South Platte",2019,12,3.12,87.47,3.09,0.02,-0.84,3.97
"777","Yampa-White",2019,12,4.04,98.5,4.04,0,0.84,3.19
"778","Arkansas",2020,1,1.72,70.73,2.02,-0.3,2.02,-0.3
"779","Colorado",2020,1,-0.52,43.68,1.46,-1.98,2.53,-3.05
"780","Gunnison",2020,1,-0.35,45.73,2.53,-2.89,2.13,-2.48
"781","Rio Grande",2020,1,-0.15,48.15,2.23,-2.38,3.2,-3.35
"782","San Juan-Dolores",2020,1,-0.05,49.35,2.33,-2.38,2.74,-2.79
"783","South Platte",2020,1,1.34,66.1,3.12,-1.78,0.97,0.36
"784","Yampa-White",2020,1,-0.56,43.23,4.04,-4.6,2.51,-3.07
"785","Arkansas",2020,2,1.53,68.44,1.72,-0.19,1.38,0.15
"786","Colorado",2020,2,-0.61,42.61,-0.52,-0.08,-0.17,-0.43
"787","Gunnison",2020,2,-0.51,43.87,-0.35,-0.15,-1.79,1.28
"788","Rio Grande",2020,2,-1.09,36.82,-0.15,-0.94,-0.79,-0.29
"789","San Juan-Dolores",2020,2,-0.72,41.35,-0.05,-0.66,-1.44,0.72
"790","South Platte",2020,2,1.25,65.08,1.34,-0.08,0.31,0.93
"791","Yampa-White",2020,2,-0.53,43.61,-0.56,0.03,-0.54,0.01
"792","Arkansas",2020,3,1.35,66.29,1.53,-0.17,1.43,-0.07
"793","Colorado",2020,3,0.36,54.37,-0.61,0.97,0.45,-0.09
"794","Gunnison",2020,3,-1.63,30.39,-0.51,-1.12,-0.11,-1.51
"795","Rio Grande",2020,3,-1.81,28.2,-1.09,-0.71,0.59,-2.4
"796","San Juan-Dolores",2020,3,-1.58,30.93,-0.72,-0.86,0.6,-2.19
"797","South Platte",2020,3,1.61,69.41,1.29,0.32,0.36,1.25
"798","Yampa-White",2020,3,0.01,50.2,-0.53,0.54,-0.32,0.34
"799","Arkansas",2020,4,1.3,65.63,1.35,-0.05,1.73,-0.43
"800","Colorado",2020,4,-0.25,46.95,0.32,-0.57,2.56,-2.82
"801","Gunnison",2020,4,-1.59,30.82,-1.63,0.03,2.61,-4.21
"802","Rio Grande",2020,4,-1.8,28.36,-1.81,0.01,2.79,-4.59
"803","San Juan-Dolores",2020,4,-1.47,32.27,-1.58,0.11,1.87,-3.35
"804","South Platte",2020,4,1.52,68.25,1.6,-0.08,1.17,0.34
"805","Yampa-White",2020,4,-0.06,49.27,0.01,-0.07,0.43,-0.49
"806","Arkansas",2020,5,0.06,50.74,1.3,-1.24,1.7,-1.64
"807","Colorado",2020,5,-0.62,42.45,-0.25,-0.37,2.27,-2.89
"808","Gunnison",2020,5,-1.74,29.05,-1.59,-0.14,2.7,-4.44
"809","Rio Grande",2020,5,-2.46,20.37,-1.8,-0.66,2.26,-4.73
"810","San Juan-Dolores",2020,5,-1.94,26.61,-1.47,-0.47,1.99,-3.94
"811","South Platte",2020,5,1.34,66.12,1.52,-0.17,0.17,1.17
"812","Yampa-White",2020,5,-0.42,44.9,-0.06,-0.36,0.13,-0.55
"813","Arkansas",2020,6,0.04,50.48,0.09,-0.05,2.93,-2.89
"814","Colorado",2020,6,-1.71,29.41,-0.62,-1.08,3.34,-5.06
"815","Gunnison",2020,6,-2.97,14.32,-1.74,-1.22,3.46,-6.43
"816","Rio Grande",2020,6,-3.43,8.79,-1.83,-1.59,3.93,-7.36
"817","San Juan-Dolores",2020,6,-2.46,20.43,-2.2,-0.26,2.52,-4.98
"818","South Platte",2020,6,0.62,57.52,1.41,-0.78,1.88,-1.25
"819","Yampa-White",2020,6,-1.32,34.07,0.08,-1.41,2.4,-3.73
"820","Arkansas",2020,7,-0.02,49.74,0.04,-0.06,1.64,-1.66
"821","Colorado",2020,7,-1.35,33.69,-1.71,0.35,3.14,-4.5
"822","Gunnison",2020,7,-3.42,8.91,-2.97,-0.45,3.33,-6.75
"823","Rio Grande",2020,7,-2.47,20.27,-3.43,0.95,3.86,-6.34
"824","San Juan-Dolores",2020,7,-2.3,22.34,-2.46,0.15,4.04,-6.34
"825","South Platte",2020,7,0.02,50.35,0.62,-0.59,1.8,-1.77
"826","Yampa-White",2020,7,-1.32,34.14,-1.32,0,3.16,-4.48
"827","Arkansas",2020,8,0.04,50.5,-0.02,0.06,2.53,-2.49
"828","Colorado",2020,8,-2.32,22.06,-1.35,-0.96,3.62,-5.95
"829","Gunnison",2020,8,-3.02,13.65,-3.42,0.39,3.78,-6.81
"830","Rio Grande",2020,8,-2.31,22.24,-2.47,0.16,3.23,-5.54
"831","San Juan-Dolores",2020,8,-1.95,26.53,-2.3,0.35,3.94,-5.9
"832","South Platte",2020,8,0.11,51.38,0.02,0.08,3.73,-3.61
"833","Yampa-White",2020,8,-1.91,26.96,-1.31,-0.59,3.66,-5.58
"834","Arkansas",2020,9,-0.4,45.11,0.04,-0.44,2.05,-2.46
"835","Colorado",2020,9,-2.74,17.07,-2.32,-0.41,3.22,-5.97
"836","Gunnison",2020,9,-3.2,11.58,-3.02,-0.17,3.07,-6.27
"837","Rio Grande",2020,9,-2.01,25.79,-2.31,0.29,2.79,-4.81
"838","San Juan-Dolores",2020,9,-1.31,34.17,-1.95,0.63,3.4,-4.72
"839","South Platte",2020,9,-0.21,47.4,0.11,-0.33,3.17,-3.39
"840","Yampa-White",2020,9,-2.36,21.67,-1.89,-0.46,3.09,-5.45
"841","Arkansas",2020,10,0.86,60.33,-0.4,1.26,1.99,-1.13
"842","Colorado",2020,10,-0.61,42.67,-2.74,2.13,3.21,-3.82
"843","Gunnison",2020,10,-3.28,10.57,-3.2,-0.08,2.93,-6.22
"844","Rio Grande",2020,10,0.8,59.67,-2.01,2.82,2.7,-1.89
"845","San Juan-Dolores",2020,10,-0.74,41.07,-1.31,0.57,2.53,-3.27
"846","South Platte",2020,10,0.01,50.15,-0.21,0.22,3.21,-3.2
"847","Yampa-White",2020,10,1.9,72.84,-2.36,4.26,4.04,-2.13
"848","Arkansas",2020,11,0.97,61.74,0.86,0.11,2.01,-1.03
"849","Colorado",2020,11,-0.48,44.17,-0.61,0.12,0.88,-1.37
"850","Gunnison",2020,11,-3.4,9.15,-3.28,-0.11,2.92,-6.33
"851","Rio Grande",2020,11,1.01,62.14,0.8,0.2,2.2,-1.18
"852","San Juan-Dolores",2020,11,-0.78,40.54,-0.74,-0.04,2.39,-3.18
"853","South Platte",2020,11,-0.57,43.06,0.01,-0.59,3.09,-3.67
"854","Yampa-White",2020,11,2.36,78.35,1.9,0.45,4.04,-1.67
"855","Arkansas",2020,12,0.79,59.57,0.97,-0.18,2.03,-1.23
"856","Colorado",2020,12,0.02,50.26,-0.48,0.5,1.47,-1.44
"857","Gunnison",2020,12,-3.42,8.84,-3.41,-0.01,2.52,-5.95
"858","Rio Grande",2020,12,1.11,63.4,1.01,0.1,2.01,-0.89
"859","San Juan-Dolores",2020,12,-0.8,40.28,-0.78,-0.02,2.33,-3.14
"860","South Platte",2020,12,-1.04,37.44,-0.57,-0.46,3.12,-4.16
"861","Yampa-White",2020,12,2.44,79.33,2.36,0.08,4.04,-1.59
"862","Arkansas",2021,1,-0.03,49.62,0.79,-0.82,1.73,-1.76
"863","Colorado",2021,1,-2.83,16.02,0.01,-2.84,-0.52,-2.3
"864","Gunnison",2021,1,-3.09,12.9,-3.43,0.34,-0.35,-2.73
"865","Rio Grande",2021,1,-0.87,39.53,1.11,-1.98,-0.17,-0.7
"866","San Juan-Dolores",2021,1,-2.71,17.44,-0.8,-1.9,-0.05,-2.65
"867","South Platte",2021,1,-1.72,29.3,-1.04,-0.67,1.44,-3.16
"868","Yampa-White",2021,1,-2.05,25.29,2.44,-4.5,-0.56,-1.49
"869","Arkansas",2021,2,-0.23,47.19,-0.03,-0.2,1.55,-1.79
"870","Colorado",2021,2,-3.26,10.87,-2.83,-0.42,-0.61,-2.64
"871","Gunnison",2021,2,-3.18,11.72,-3.09,-0.09,-0.51,-2.67
"872","Rio Grande",2021,2,-0.87,39.44,-0.87,0,-1.14,0.26
"873","San Juan-Dolores",2021,2,-2.81,16.26,-2.71,-0.09,-0.72,-2.09
"874","South Platte",2021,2,-2.29,22.41,-1.72,-0.57,1.29,-3.59
"875","Yampa-White",2021,2,-2.87,15.54,-2.05,-0.81,-0.53,-2.33
"876","Arkansas",2021,3,-1.97,26.3,-1.55,-0.41,-1.14,-0.83
"877","Colorado",2021,3,-2.7,17.49,-3.07,0.36,-1.76,-0.94
"878","Gunnison",2021,3,-2.99,14.09,-2.94,-0.04,-2.79,-0.19
"879","Rio Grande",2021,3,-1.32,34.06,-0.87,-0.44,-2.79,1.47
"880","San Juan-Dolores",2021,3,-3.16,12.04,-3.02,-0.14,-2.79,-0.36
"881","South Platte",2021,3,-1.45,32.54,-2.5,1.05,0.1,-1.55
"882","Yampa-White",2021,3,-1.6,30.73,-2.87,1.26,-0.93,-0.67
"883","Arkansas",2021,4,-1.41,33,-1.78,0.36,-1.14,-0.27
"884","Colorado",2021,4,-2.64,18.26,-2.78,0.13,-1.76,-0.88
"885","Gunnison",2021,4,-3.02,13.69,-2.99,-0.03,-2.79,-0.22
"886","Rio Grande",2021,4,-1.29,34.51,-1.32,0.03,-2.79,1.5
"887","San Juan-Dolores",2021,4,-3.2,11.53,-3.16,-0.04,-2.79,-0.4
"888","South Platte",2021,4,-0.59,42.89,-1.45,0.86,-0.1,-0.48
"889","Yampa-White",2021,4,-2,25.92,-1.6,-0.4,-0.93,-1.07
"890","Arkansas",2021,5,-1.78,28.57,-1.41,-0.36,-1.14,-0.64
"891","Colorado",2021,5,-3.18,11.78,-2.64,-0.54,-1.34,-1.83
"892","Gunnison",2021,5,-3.19,11.62,-3.02,-0.17,-2.59,-0.6
"893","Rio Grande",2021,5,-2.46,20.46,-1.42,-1.03,-2.97,0.51
"894","San Juan-Dolores",2021,5,-3.32,10.11,-3.2,-0.11,-2.79,-0.52
"895","South Platte",2021,5,-0.52,43.72,-0.62,0.1,-0.1,-0.41
"896","Yampa-White",2021,5,-2.1,24.73,-2,-0.09,-0.93,-1.17
"897","Arkansas",2021,6,-1.3,34.3,-1.63,0.32,-1.14,-0.16
"898","Colorado",2021,6,-3.54,7.48,-3.61,0.07,-1.76,-1.78
"899","Gunnison",2021,6,-3.99,2.06,-3.39,-0.59,-2.59,-1.4
"900","Rio Grande",2021,6,-2.63,18.43,-1.78,-0.84,-3.18,0.55
"901","San Juan-Dolores",2021,6,-3.42,8.87,-3.4,-0.02,-2.79,-0.62
"902","South Platte",2021,6,0.62,57.45,-0.19,0.81,0.31,0.31
"903","Yampa-White",2021,6,-3.63,6.41,-3.25,-0.37,-1.34,-2.28
"904","Arkansas",2021,7,-1.32,34.12,-1.3,-0.01,-1.14,-0.18
"905","Colorado",2021,7,-3.39,9.31,-3.54,0.15,-1.14,-2.25
"906","Gunnison",2021,7,-3.33,9.96,-3.99,0.65,-3,-0.33
"907","Rio Grande",2021,7,-1.46,32.45,-2.46,0.99,-2.38,0.92
"908","San Juan-Dolores",2021,7,-3.25,10.94,-3.42,0.17,-2.59,-0.66
"909","South Platte",2021,7,0.73,58.8,0.61,0.11,0.1,0.62
"910","Yampa-White",2021,7,-3.7,5.57,-3.63,-0.07,-0.93,-2.76
"911","Arkansas",2021,8,-1.39,33.28,-1.32,-0.07,-1.34,-0.04
"912","Colorado",2021,8,-3.57,7.13,-3.39,-0.18,-1.76,-1.8
"913","Gunnison",2021,8,-3.71,5.38,-3.33,-0.38,-2.79,-0.91
"914","Rio Grande",2021,8,-0.18,47.82,-1.46,1.28,-2.59,2.41
"915","San Juan-Dolores",2021,8,-3.13,12.34,-3.25,0.11,-2.79,-0.33
"916","South Platte",2021,8,0.43,55.24,0.73,-0.29,0.1,0.33
"917","Yampa-White",2021,8,-3.59,6.82,-3.7,0.1,-1.55,-2.04
"918","Arkansas",2021,10,-0.82,40.06,-1.17,0.35,-0.62,-0.2
"919","Colorado",2021,10,-3.37,9.48,-2.82,-0.55,-1.07,-2.29
"920","Gunnison",2021,10,-4.04,1.49,-3.67,-0.36,-2.93,-1.1
"921","Rio Grande",2021,10,0.82,59.95,-1.35,2.18,0.59,0.22
"922","San Juan-Dolores",2021,10,-2.76,16.76,-3.25,0.48,-2.61,-0.15
"923","South Platte",2021,10,0.38,54.61,0.79,-0.41,-0.76,1.15
"924","Yampa-White",2021,10,-1.3,34.36,-2.92,1.62,-0.19,-1.1
"925","Arkansas",2022,1,-1.28,34.58,-1.02,-0.25,-1.26,-0.01
"926","Colorado",2022,1,1.37,66.54,-3.06,4.44,-2.62,4
"927","Gunnison",2022,1,-0.35,45.78,-4.04,3.69,-2.83,2.47
"928","Rio Grande",2022,1,0.13,51.56,0.97,-0.84,-0.87,1
"929","San Juan-Dolores",2022,1,-0.81,40.25,-2.74,1.93,-2.84,2.03
"930","South Platte",2022,1,-0.35,45.79,-0.54,0.19,-2.06,1.71
"931","Yampa-White",2022,1,0.94,61.33,-1.32,2.27,-1.64,2.58
"932","Arkansas",2021,9,-1.17,35.84,-1.39,0.21,-1.76,0.58
"933","Colorado",2021,9,-2.82,16.1,-3.63,0.81,-2.38,-0.44
"934","Gunnison",2021,9,-3.67,5.92,-3.72,0.05,-2.79,-0.87
"935","Rio Grande",2021,9,-1.35,33.73,-0.18,-1.17,-2.79,1.44
"936","San Juan-Dolores",2021,9,-3.25,10.93,-3.13,-0.11,-2.79,-0.45
"937","South Platte",2021,9,0.79,59.55,0.56,0.23,-0.72,1.52
"938","Yampa-White",2021,9,-2.92,14.91,-3.6,0.67,-2.79,-0.12
"939","Arkansas",2021,11,-0.85,39.69,-0.82,-0.03,-0.42,-0.43
"940","Colorado",2021,11,-3.23,11.14,-3.37,0.13,-1.1,-2.12
"941","Gunnison",2021,11,-4.04,1.49,-4.04,0,-3,-1.04
"942","Rio Grande",2021,11,0.97,61.73,0.82,0.14,0.8,0.17
"943","San Juan-Dolores",2021,11,-2.75,16.97,-2.76,0.01,-2.68,-0.06
"944","South Platte",2021,11,-0.08,48.92,0.38,-0.47,-1.09,1
"945","Yampa-White",2021,11,-1.28,34.63,-1.3,0.02,0.25,-1.53
"946","Arkansas",2021,12,-1.02,37.66,-0.85,-0.16,-0.81,-0.21
"947","Colorado",2021,12,-3.06,13.26,-3.23,0.17,-0.96,-2.09
"948","Gunnison",2021,12,-4.04,1.49,-4.04,0,-3.22,-0.81
"949","Rio Grande",2021,12,0.97,61.65,0.97,0,0.7,0.26
"950","San Juan-Dolores",2021,12,-2.74,17.04,-2.75,0,-2.7,-0.03
"951","South Platte",2021,12,-0.54,43.48,-0.08,-0.45,-1.49,0.94
"952","Yampa-White",2021,12,-1.32,34.04,-1.28,-0.04,0.99,-2.32
"953","Arkansas",2022,2,-1.75,28.98,-1.28,-0.46,-1.55,-0.19
"954","Colorado",2022,2,-0.46,44.36,1.37,-1.84,-3.07,2.6
"955","Gunnison",2022,2,-1.89,27.3,-0.35,-1.54,-2.94,1.05
"956","Rio Grande",2022,2,-1.37,33.48,0.13,-1.5,-0.87,-0.49
"957","San Juan-Dolores",2022,2,-2.58,18.98,-0.81,-1.77,-3,0.42
"958","South Platte",2022,2,-0.02,49.72,-0.35,0.32,-2.4,2.38
"959","Yampa-White",2022,2,-0.04,49.5,0.94,-0.98,-2.87,2.83
"960","Arkansas",2022,3,-2.24,23.05,-1.75,-0.49,-1.78,-0.46
"961","Colorado",2022,3,-0.45,44.52,-0.46,0.01,-2.78,2.32
"962","Gunnison",2022,3,-1.93,26.73,-1.89,-0.04,-2.99,1.05
"963","Rio Grande",2022,3,-1.28,34.62,-1.37,0.09,-1.32,0.04
"964","San Juan-Dolores",2022,3,-2.65,18.12,-2.58,-0.07,-3.14,0.48
"965","South Platte",2022,3,-0.96,38.37,-0.02,-0.94,-1.45,0.48
"966","Yampa-White",2022,3,-0.94,38.68,-0.04,-0.9,-1.6,0.66
"967","Arkansas",2022,8,-2.06,25.21,-2.2,0.13,-1.39,-0.66
"968","Colorado",2022,8,-1.61,30.6,-2,0.38,-3.58,1.96
"969","Gunnison",2022,8,-3.65,6.16,-3.32,-0.32,-3.72,0.07
"970","Rio Grande",2022,8,0.19,52.37,-3.06,3.26,-0.2,0.4
"971","San Juan-Dolores",2022,8,-2.99,14.11,-3.29,0.3,-3.13,0.14
"972","South Platte",2022,8,0.19,52.34,-0.72,0.91,0.54,-0.35
"973","Yampa-White",2022,8,-0.49,44.01,-0.87,0.37,-3.83,3.33
"974","Arkansas",2022,4,-2.06,25.21,-2.19,0.13,-1.34,-0.71
"975","Colorado",2022,4,-1.3,34.37,-0.57,-0.72,-2.6,1.3
"976","Gunnison",2022,4,-1.95,26.59,-1.93,-0.01,-3.02,1.07
"977","Rio Grande",2022,4,-1.48,32.22,-1.28,-0.19,-1.29,-0.19
"978","San Juan-Dolores",2022,4,-2.65,18.11,-2.65,0,-3.18,0.53
"979","South Platte",2022,4,-0.67,41.84,-0.96,0.28,-0.63,-0.04
"980","Yampa-White",2022,4,-1.14,36.2,-0.94,-0.2,-2,0.85
"981","Arkansas",2022,5,-2,25.92,-2.11,0.11,-1.64,-0.36
"982","Colorado",2022,5,-1.5,31.96,-1.16,-0.33,-3.61,2.11
"983","Gunnison",2022,5,-3.06,13.21,-1.95,-1.11,-3.38,0.31
"984","Rio Grande",2022,5,-1.74,29,-1.48,-0.26,-1.75,0
"985","San Juan-Dolores",2022,5,-2.92,14.94,-2.65,-0.26,-3.51,0.59
"986","South Platte",2022,5,-0.77,40.75,-0.67,-0.09,-0.42,-0.34
"987","Yampa-White",2022,5,-0.6,42.7,-1.14,0.54,-3.28,2.67
"988","Arkansas",2022,6,-2.26,22.81,-2,-0.25,-0.93,-1.33
"989","Colorado",2022,6,-0.91,39.01,-1.5,0.58,-0.72,-0.18
"990","Gunnison",2022,6,-3.39,9.24,-3.06,-0.33,-2.86,-0.52
"991","Rio Grande",2022,6,-3.71,5.46,-1.74,-1.96,-2.23,-1.47
"992","San Juan-Dolores",2022,6,-3.36,9.62,-2.92,-0.44,-2.28,-1.07
"993","South Platte",2022,6,-0.15,48.14,-0.77,0.61,0.62,-0.77
"994","Yampa-White",2022,6,-0.62,42.51,-0.6,-0.01,-0.81,0.18
"995","Arkansas",2022,7,-2.2,23.56,-2.26,0.06,-1.34,-0.85
"996","Colorado",2022,7,-2,25.97,-0.91,-1.08,-3.38,1.38
"997","Gunnison",2022,7,-3.32,10.06,-3.39,0.06,-3.33,0.01
"998","Rio Grande",2022,7,-3.06,13.19,-3.71,0.64,-1.45,-1.61
"999","San Juan-Dolores",2022,7,-3.29,10.5,-3.36,0.07,-3.25,-0.03
"1000","South Platte",2022,7,-0.72,41.34,-0.12,-0.6,0.73,-1.45
